company_id;round_nr;round_date;amount
c:6669;1;01.04.2009;366102
c:6669;2;22.08.2009;7104
c:6669;3;01.01.2010;1794
c:16283;1;14.02.2005;32074728
c:16283;2;29.03.2007;1557779
c:16283;3;20.01.2008;212302
c:16283;4;28.12.2009;6255191
c:65620;1;30.03.2010;2600000
c:42668;1;17.02.2005;29971508
c:42668;2;26.03.2007;4964114
c:42668;3;25.04.2007;5064378
c:65806;1;01.08.2010;185710
c:65806;2;01.04.2012;1114290
c:22898;1;18.07.2006;7500000
c:16191;1;21.09.2006;25385836
c:16191;2;16.05.2007;574128
c:16191;3;18.03.2010;40036
c:5192;1;24.08.2005;12189403
c:5192;2;30.10.2005;10421969
c:5192;3;04.10.2010;11488628
c:1043;1;02.08.2005;1452442
c:1043;2;03.11.2007;60204
c:1043;3;08.02.2013;8137354
c:498;1;01.02.2007;5142471
c:498;2;29.01.2010;444548
c:498;3;05.02.2010;162981
c:3949;1;01.07.2005;23138564
c:3949;2;02.09.2007;1829336
c:3949;3;26.04.2010;2532100
c:4829;1;01.02.2007;1191095
c:4829;2;26.03.2009;2852868
c:4829;3;11.12.2009;1669153
c:4829;4;12.07.2010;2860343
c:4829;5;03.05.2011;1826541
c:30290;1;25.11.2008;350000
c:1491;1;03.12.2007;6390299
c:1491;2;06.09.2008;1119566
c:1491;3;03.05.2010;2440135
c:15645;1;31.08.2005;10331219
c:15645;2;30.11.2005;299570
c:15645;3;03.08.2008;55463
c:15645;4;17.07.2009;10419
c:15645;5;29.12.2009;3329
c:54177;1;09.08.2005;200000
c:16770;1;02.08.2005;12174134
c:16770;2;24.12.2006;24699181
c:16770;3;24.07.2008;2705057
c:16770;4;29.07.2009;2424902
c:16770;5;05.10.2009;6996726
c:107;1;01.02.2005;7127557
c:107;2;24.09.2005;9535617
c:107;3;13.03.2006;8280971
c:107;4;01.09.2007;55855
c:50727;1;29.09.2010;2277843
c:50727;2;02.04.2011;188368
c:50727;3;01.08.2011;2108789
c:26368;1;02.07.2009;18933208
c:26368;2;30.10.2009;9066792
c:22291;1;20.03.2003;2623005
c:22291;2;14.10.2004;1731995
c:17857;1;31.10.2007;15000000
c:15888;1;28.06.2007;3170000
c:10751;1;01.01.2007;1098686
c:10751;2;25.04.2011;1201314
c:458;1;01.08.2007;163312
c:458;2;01.09.2007;291688
c:45525;1;03.11.2006;13000000
c:3193;1;22.01.2007;15000000
c:28456;1;25.06.2012;3800000
c:36920;1;01.11.2009;214294029
c:36920;2;11.07.2010;65282424
c:36920;3;09.08.2010;8123454
c:36920;4;12.09.2011;11268457
c:36920;5;10.11.2011;531636
c:35712;1;01.08.2006;1000000
c:21492;1;09.05.2008;471613
c:21492;2;01.03.2009;10028387
c:28768;1;25.02.2005;5522288
c:28768;2;02.03.2006;3077712
c:27741;1;01.08.2006;4894284
c:27741;2;07.10.2008;105716
c:150658;1;01.01.2011;282218
c:150658;2;14.11.2011;2022781
c:34338;1;01.07.2009;25000
c:45111;1;26.02.2007;4000000
c:3178;1;15.08.2007;11098758
c:3178;2;05.08.2008;3501242
c:35402;1;24.01.2006;39608204
c:35402;2;04.02.2006;389208
c:35402;3;13.09.2010;4002588
c:22856;1;01.12.2008;1619845
c:22856;2;12.05.2009;54070
c:22856;3;26.05.2011;149007
c:1224;1;01.03.2006;11649653
c:1224;2;22.10.2006;834881
c:1224;3;22.04.2007;8215683
c:1224;4;15.10.2007;5488769
c:1224;5;07.03.2010;883799
c:1224;6;05.12.2010;2494900
c:1224;7;24.01.2012;347316
c:1234;1;01.05.2006;13290701
c:1234;2;22.02.2008;6571616
c:1234;3;16.09.2008;8028923
c:1234;4;17.02.2011;5108760
c:149809;1;01.08.2011;14397
c:149809;2;01.03.2012;110603
c:13733;1;08.02.2008;3396533
c:13733;2;21.05.2010;603467
c:39106;1;06.11.2007;10000000
c:5306;1;31.08.2006;6000000
c:16303;1;16.08.2005;25000000
c:43188;1;04.11.2010;519253
c:43188;2;06.03.2011;108580
c:43188;3;13.11.2012;3122167
c:33507;1;15.01.2010;3000000
c:68157;1;01.08.2010;491987
c:68157;2;01.08.2011;663013
c:2395;1;15.12.2005;10000000
c:38220;1;01.08.2008;3000000
c:49815;1;23.11.2010;1938962
c:49815;2;13.06.2011;9561038
c:249;1;01.08.2005;5000000
c:22027;1;08.03.2005;21538218
c:22027;2;23.10.2006;7461782
c:109;1;01.01.2007;27063259
c:109;2;09.04.2007;7088907
c:109;3;04.06.2007;29106
c:109;4;13.03.2010;133211
c:109;5;29.07.2010;8792
c:109;6;23.07.2012;376725
c:43948;1;09.03.2005;10419169
c:43948;2;01.07.2007;1630831
c:765;1;01.03.2008;5588033
c:765;2;02.08.2008;592360
c:765;3;05.10.2010;5819607
c:19257;1;10.03.2009;5500000
c:25827;1;26.06.2009;4592372
c:25827;2;11.04.2011;18643407
c:25827;3;25.08.2011;764221
c:5932;1;12.09.2005;6255633
c:5932;2;07.09.2006;3744367
c:35157;1;12.09.2002;9041228
c:35157;2;09.11.2010;7444991
c:35157;3;10.11.2010;2523452
c:8596;1;01.07.2008;5000000
c:19861;1;17.01.2005;13307965
c:19861;2;13.03.2005;4062906
c:19861;3;12.09.2007;908315
c:19861;4;21.11.2008;232912
c:19861;5;20.04.2010;402478
c:45114;1;16.05.2007;4000000
c:23533;1;30.03.2010;2016864
c:23533;2;11.03.2011;13296
c:23533;3;13.09.2011;722
c:25325;1;23.08.2008;5000000
c:8351;1;01.01.2001;20500000
c:10392;1;18.01.2010;4070298
c:10392;2;09.08.2012;9179702
c:26128;1;02.04.2007;12000000
c:2808;1;01.01.2007;7062853
c:2808;2;20.06.2007;2113846
c:2808;3;09.09.2008;2312988
c:10581;1;05.09.2008;4000000
c:190214;1;01.06.2012;355000
c:1674;1;01.01.2006;115739
c:1674;2;01.04.2006;2261
c:170;1;01.09.2004;27579057
c:170;2;25.07.2009;7395135
c:170;3;23.09.2010;2777836
c:170;4;01.05.2012;2647972
c:27740;1;21.10.2008;3000000
c:46186;1;12.09.2005;2904679
c:46186;2;01.01.2007;16795321
c:43162;1;01.03.2007;13331828
c:43162;2;12.03.2007;4468172
c:43233;1;05.03.2010;3436082
c:43233;2;21.06.2010;21991905
c:43233;3;05.04.2012;32072013
c:1498;1;01.09.2006;12776318
c:1498;2;21.08.2007;4223628
c:1498;3;14.01.2009;200054
c:31514;1;01.01.2008;65495
c:31514;2;07.02.2009;333071
c:31514;3;14.02.2009;25623
c:31514;4;02.03.2009;22515
c:31514;5;02.03.2009;2188
c:31514;6;02.04.2009;3152
c:31514;7;04.12.2009;5238
c:58944;1;01.09.2010;3035954
c:58944;2;25.12.2011;511486
c:58944;3;14.07.2012;5452900
c:58944;4;20.09.2012;9499660
c:40197;1;17.01.2010;12000000
c:51023;1;06.07.2010;62932736
c:51023;2;15.12.2010;447067264
c:13168;1;07.12.2005;8793227
c:13168;2;06.09.2006;9456773
c:649;1;30.10.2006;31905459
c:649;2;11.08.2007;2268562
c:649;3;31.01.2010;1411365
c:649;4;21.04.2010;5914633
c:52694;1;09.06.2005;1000000
c:3080;1;18.05.2007;5000000
c:28424;1;19.11.2008;7847867
c:28424;2;15.02.2011;1375331
c:28424;3;30.08.2011;33476802
c:280611;1;19.11.2013;12000000
c:30537;1;11.07.2005;11909144
c:30537;2;07.02.2006;10390856
c:14656;1;01.01.2006;367886
c:14656;2;13.11.2009;9632114
c:1766;1;01.07.2006;9531859
c:1766;2;04.07.2009;4182357
c:1766;3;29.12.2009;1850375
c:16938;1;28.07.2009;500000
c:83265;1;01.02.2011;6896878
c:83265;2;23.04.2012;2053122
c:23136;1;01.10.2007;38543524
c:23136;2;29.05.2009;9056596
c:23136;3;26.06.2009;5496321
c:23136;4;26.10.2010;2253559
c:54066;1;21.09.2005;4000000
c:17219;1;13.09.2007;3510086
c:17219;2;31.12.2008;6514969
c:17219;3;18.11.2009;486917
c:17219;4;09.09.2011;195809
c:17219;5;06.07.2012;56542
c:23234;1;29.05.2008;5500000
c:70586;1;13.04.2012;400000
c:26612;1;02.10.2007;46516686
c:26612;2;29.10.2007;2284253
c:26612;3;05.01.2010;5199061
c:57923;1;17.10.2005;32000000
c:58133;1;14.10.2005;13000000
c:5587;1;01.02.2005;7511837
c:5587;2;18.12.2005;4514256
c:5587;3;10.04.2006;473907
c:38338;1;08.05.2006;2861152
c:38338;2;28.09.2006;7288559
c:38338;3;02.10.2007;409745
c:38338;4;11.04.2012;27505114
c:4622;1;01.01.2007;2139808
c:4622;2;01.10.2008;3860192
c:202;1;17.11.2008;1231739
c:202;2;31.03.2011;3768261
c:15652;1;01.01.2000;23230896
c:15652;2;20.11.2001;28243048
c:15652;3;07.02.2007;7526056
c:144825;1;13.08.2012;1000000
c:9772;1;21.09.2009;600000
c:19101;1;01.11.2008;62552439
c:19101;2;20.02.2009;62447561
c:1612;1;01.11.2007;1079154
c:1612;2;09.12.2009;1670846
c:17620;1;01.12.2005;13281110
c:17620;2;25.09.2007;16718890
c:43873;1;05.01.2007;7000000
c:3986;1;31.05.2006;6100000
c:61592;1;13.04.2011;1484362
c:61592;2;11.08.2012;142303
c:61592;3;01.09.2012;473335
c:35236;1;01.11.2009;336998
c:35236;2;11.03.2010;2228002
c:31968;1;03.10.2007;2000000
c:27620;1;26.07.2005;5767546
c:27620;2;08.09.2007;4678928
c:27620;3;08.09.2008;11953526
c:9816;1;01.07.2006;6250000
c:52566;1;01.11.2011;575000
c:49236;1;01.08.2009;33687
c:49236;2;01.03.2010;19313
c:2234;1;01.12.2006;701070
c:2234;2;10.10.2008;8798930
c:3505;1;01.01.2009;3163379
c:3505;2;27.07.2010;336621
c:56989;1;10.07.2010;9491138
c:56989;2;29.10.2010;889270
c:56989;3;31.03.2011;119592
c:28482;1;03.10.2008;23320832
c:28482;2;17.03.2009;6374122
c:28482;3;20.05.2012;2713960
c:28482;4;30.05.2012;1841086
c:40324;1;06.09.2006;34934534
c:40324;2;14.10.2007;50046693
c:40324;3;15.08.2008;394623
c:40324;4;13.05.2009;1727
c:40324;5;20.07.2010;3534
c:1595;1;01.03.2006;74280650
c:1595;2;24.01.2007;9711405
c:1595;3;01.12.2007;16007945
c:31294;1;01.01.2008;83015
c:31294;2;01.07.2010;41985
c:43875;1;26.04.2005;3608091
c:43875;2;27.03.2007;6991909
c:16562;1;02.06.2006;3675750
c:16562;2;28.08.2008;19240552
c:16562;3;08.06.2009;3183698
c:18075;1;12.07.2007;30000000
c:86120;1;15.10.2011;99534
c:86120;2;16.10.2011;8920
c:86120;3;01.07.2012;24431
c:12173;1;08.05.2007;2948022
c:12173;2;16.10.2007;818257
c:12173;3;21.12.2010;5733721
c:44650;1;13.02.2006;18000000
c:70021;1;02.12.2011;690000
c:17660;1;01.03.2006;15612565
c:17660;2;07.08.2006;7623930
c:17660;3;02.01.2007;1895116
c:51745;1;12.07.2010;2000000
c:25324;1;01.08.2005;57352192
c:25324;2;03.07.2007;11155634
c:25324;3;23.08.2010;10242174
c:77;1;01.02.2007;9363823
c:77;2;15.06.2007;21825126
c:77;3;12.02.2008;8811631
c:77;4;26.05.2008;4883808
c:77;5;28.03.2011;3615612
c:1895;1;29.07.2005;15000000
c:16593;1;10.12.2007;34320206
c:16593;2;20.07.2009;5856708
c:16593;3;13.12.2009;2932229
c:16593;4;29.12.2011;13596905
c:16593;5;25.04.2012;17293952
c:16289;1;01.10.2005;13338637
c:16289;2;02.05.2007;1661363
c:575;1;01.01.2006;41626876
c:575;2;25.07.2007;1952725
c:575;3;01.12.2007;1420399
c:15562;1;01.05.2008;4410000
c:62432;1;01.01.2010;2663720
c:62432;2;24.11.2010;1836280
c:8100;1;02.09.2008;5144494
c:8100;2;28.11.2009;4149970
c:8100;3;14.10.2010;1745536
c:62262;1;19.11.2010;1600000
c:3686;1;01.06.2005;345146
c:3686;2;15.11.2005;8654854
c:82805;1;21.07.2011;551526
c:82805;2;09.06.2012;2583177
c:82805;3;23.11.2012;147624
c:196;1;01.03.2006;7919250
c:196;2;01.03.2006;16780750
c:28114;1;12.09.2007;3191035
c:28114;2;19.11.2008;5608965
c:13277;1;06.11.2008;1700000
c:63217;1;31.08.2010;20000
c:2534;1;08.02.2008;8658303
c:2534;2;02.12.2009;2841697
c:5264;1;23.04.2003;60159536
c:5264;2;27.05.2006;9253408
c:5264;3;21.08.2007;16992202
c:5264;4;20.09.2007;7574714
c:5264;5;15.07.2008;3486347
c:5264;6;03.01.2009;130940
c:5264;7;03.06.2010;572853
c:58512;1;23.03.2011;1350000
c:12957;1;16.07.2010;940261
c:34499;1;01.02.2009;1472661
c:34499;2;03.02.2011;2527339
c:34028;1;15.12.2009;5000000
c:23335;1;18.04.2009;20000
c:30526;1;11.01.2006;12500000
c:42519;1;05.05.2010;4168820
c:42519;2;26.06.2010;907961
c:42519;3;24.05.2011;1531819
c:42519;4;04.02.2012;537467
c:42519;5;27.08.2013;82637
c:48376;1;20.05.2010;31558200
c:48376;2;15.12.2011;23441800
c:15693;1;23.01.2006;13049379
c:15693;2;04.10.2006;2091638
c:15693;3;13.11.2007;262
c:15693;4;11.08.2010;38721
c:47587;1;07.05.2010;4741318
c:47587;2;06.06.2011;25258682
c:1669;1;10.07.2008;13442618
c:1669;2;01.09.2008;1057382
c:421;1;26.01.2011;6500000
c:155621;1;29.01.2012;15000
c:40782;1;24.03.2010;1394546
c:40782;2;21.08.2011;1119928
c:40782;3;12.05.2012;1352014
c:40782;4;30.11.2012;504685
c:40782;5;06.02.2013;334737
c:51306;1;21.10.2010;3000000
c:1088;1;31.10.2007;113370187
c:1088;2;17.07.2009;10157594
c:1088;3;24.08.2009;1484878
c:1088;4;24.09.2009;68003
c:1088;5;01.05.2011;151388
c:1088;6;01.01.2012;17950
c:34522;1;01.05.2008;1432378
c:34522;2;18.07.2008;12927
c:34522;3;15.03.2009;3953
c:34522;4;01.01.2012;740
c:83692;1;13.10.2011;920633
c:83692;2;10.04.2012;5079367
c:43831;1;23.01.2007;19901488
c:43831;2;29.04.2010;6188636
c:43831;3;25.03.2011;2109876
c:28428;1;23.09.2008;1862859
c:28428;2;17.06.2010;12137141
c:17974;1;28.01.2009;3000000
c:81475;1;08.07.2011;1883758
c:81475;2;07.10.2011;354297
c:76543;1;19.05.2011;817477
c:76543;2;13.12.2012;4382523
c:84161;1;19.08.2013;75000000
c:810;1;29.01.2007;4013116
c:810;2;25.05.2008;12606113
c:810;3;23.04.2010;43630
c:810;4;20.08.2010;7837141
c:16488;1;27.11.2006;1979643
c:16488;2;24.03.2009;1967335
c:16488;3;05.02.2010;529193
c:11042;1;27.02.2008;5272697
c:11042;2;12.10.2008;3522096
c:11042;3;28.01.2010;1605208
c:17633;1;08.03.2006;16354309
c:17633;2;07.03.2008;36289287
c:17633;3;17.02.2009;15756404
c:3187;1;05.12.2006;1175054
c:3187;2;18.08.2008;14024946
c:164922;1;15.08.2011;500848
c:164922;2;02.08.2012;389152
c:81886;1;12.07.2011;2600000
c:54585;1;13.11.2012;1226270
c:11507;1;25.09.2008;8728047
c:11507;2;14.04.2010;271953
c:24860;1;25.08.2008;885412
c:24860;2;20.09.2011;3085518
c:24860;3;02.10.2011;1356366
c:24860;4;15.02.2012;1882914
c:148750;1;28.09.2011;976956
c:148750;2;22.02.2012;14723044
c:45611;1;06.09.2005;5127604
c:45611;2;24.04.2006;9922396
c:4106;1;01.05.2007;2227364
c:4106;2;01.05.2009;1272636
c:17775;1;22.06.2006;39011203
c:17775;2;07.05.2007;3988797
c:144;1;01.03.2006;43674111
c:144;2;15.01.2008;13325889
c:13046;1;23.07.2008;1300000
c:40;1;01.07.2005;32007647
c:40;2;14.05.2007;24517692
c:40;3;03.07.2007;1712379
c:40;4;03.06.2008;11512282
c:26460;1;01.01.2004;14051032
c:26460;2;01.01.2006;448968
c:15887;1;31.01.2006;40323001
c:15887;2;01.08.2007;7676999
c:36742;1;01.12.2009;2019569
c:36742;2;09.11.2011;1488893
c:3962;1;06.06.2005;13930344
c:3962;2;05.12.2006;4262411
c:3962;3;23.07.2007;1307245
c:162116;1;20.06.2012;3750000
c:55044;1;01.08.2010;45000000
c:7207;1;24.01.2006;6694014
c:7207;2;08.06.2006;3584670
c:7207;3;10.07.2010;18319163
c:7207;4;22.10.2010;3902153
c:863;1;01.01.2002;3726427
c:863;2;01.07.2008;1173573
c:16066;1;20.04.2007;6051766
c:16066;2;18.03.2008;5948234
c:220;1;01.02.2006;1556130
c:220;2;29.01.2008;3602001
c:220;3;04.04.2008;2016869
c:54;1;01.02.2007;1496642
c:54;2;01.06.2007;3203358
c:9730;1;01.01.2008;120000
c:3122;1;08.06.2007;8822263
c:3122;2;21.03.2010;5862
c:3122;3;20.12.2010;1171875
c:36579;1;14.06.2005;27702172
c:36579;2;17.12.2005;6175485
c:36579;3;05.12.2008;3525156
c:36579;4;22.10.2010;1597187
c:43327;1;29.03.2005;593452
c:43327;2;11.01.2007;15506548
c:1789;1;01.04.2007;2844333
c:1789;2;01.02.2008;455667
c:38339;1;25.08.2010;750000
c:13410;1;11.11.2008;334141
c:13410;2;11.11.2008;665859
c:43915;1;30.04.2007;7410000
c:37712;1;21.11.2006;35204149
c:37712;2;19.01.2007;957204
c:37712;3;27.05.2010;16638647
c:3288;1;01.09.2005;583769
c:3288;2;27.11.2006;13970601
c:3288;3;11.02.2010;22445630
c:10179;1;19.01.2009;7433729
c:10179;2;23.06.2010;1592000
c:10179;3;26.08.2011;5204269
c:33869;1;21.09.2009;2959101
c:33869;2;09.06.2011;40899
c:21528;1;14.01.2009;20000000
c:30820;1;01.08.2009;519276
c:30820;2;06.12.2010;1480724
c:25782;1;26.10.2006;10097214
c:25782;2;02.02.2009;9802786
c:278;1;01.12.2007;1500000
c:75500;1;01.07.2009;325000
c:67806;1;17.02.2011;3500000
c:1212;1;01.01.2006;10161163
c:1212;2;24.07.2007;11917065
c:1212;3;19.03.2008;7554497
c:1212;4;20.05.2008;367275
c:31754;1;28.03.2007;50000000
c:25307;1;21.06.2009;2000000
c:1870;1;01.11.2006;55717184
c:1870;2;27.10.2007;7040441
c:1870;3;06.12.2009;1248763
c:1870;4;21.04.2010;4404746
c:1870;5;25.11.2010;1747507
c:1870;6;01.03.2011;1841359
c:27285;1;07.09.2005;11620152
c:27285;2;16.11.2006;3896592
c:27285;3;05.11.2009;12173803
c:48640;1;09.05.2006;9000000
c:18470;1;01.11.2008;7207866
c:18470;2;18.11.2009;292134
c:21395;1;11.09.2007;8837433
c:21395;2;01.07.2008;1162567
c:25132;1;11.06.2007;4837641
c:25132;2;01.07.2009;168110
c:25132;3;05.05.2011;256400
c:25132;4;04.09.2012;702849
c:72;1;01.01.2006;4000000
c:17429;1;20.02.2008;5000000
c:487;1;01.02.2005;11500000
c:40665;1;14.01.2010;1017910
c:40665;2;24.02.2011;32090
c:2972;1;01.03.2008;4655659
c:2972;2;08.05.2008;844341
c:1832;1;01.12.2007;3120385
c:1832;2;20.03.2008;221790
c:1832;3;01.12.2009;1657825
c:30173;1;13.12.2009;3508070
c:30173;2;17.08.2011;191930
c:17512;1;20.03.2007;6997748
c:17512;2;03.01.2009;2252
c:833;1;01.04.2006;20376676
c:833;2;01.03.2007;11623324
c:615;1;18.09.2007;5166300
c:615;2;22.03.2011;2118183
c:615;3;25.03.2011;615517
c:1731;1;01.12.2006;77513569
c:1731;2;29.07.2008;1839230
c:1731;3;19.11.2009;39191
c:1731;4;27.02.2011;414492
c:1731;5;10.07.2012;193518
c:39755;1;28.10.2009;5000000
c:134;1;01.01.2007;674275
c:134;2;09.03.2009;1425725
c:6313;1;14.02.2005;12451038
c:6313;2;12.08.2005;8623252
c:6313;3;02.07.2006;1051790
c:6313;4;24.04.2009;123920
c:107746;1;14.09.2011;209710
c:107746;2;30.08.2012;1765290
c:2566;1;01.01.2008;1000000
c:47440;1;06.05.2010;35000000
c:44;1;01.10.2005;80541732
c:44;2;04.08.2006;5382798
c:44;3;07.09.2007;1172176
c:44;4;28.06.2009;286915
c:44;5;07.08.2009;743991
c:44;6;04.10.2009;77404
c:44;7;28.12.2009;446117
c:30527;1;04.08.2005;26000000
c:83176;1;01.01.2011;100000
c:20488;1;01.06.2006;5000000
c:24570;1;31.10.2006;4227661
c:24570;2;21.04.2008;3072339
c:20506;1;01.01.2005;13809417
c:20506;2;29.06.2007;312900
c:20506;3;23.03.2009;49957683
c:69279;1;03.11.2011;5593569
c:69279;2;22.03.2012;206431
c:23192;1;01.01.2008;3792537
c:23192;2;08.02.2008;7366068
c:23192;3;31.08.2008;3907754
c:23192;4;01.10.2009;74433641
c:38;1;01.07.2007;3427418
c:38;2;09.01.2009;10105031
c:38;3;11.05.2010;7651002
c:38;4;01.03.2012;2166549
c:7376;1;08.06.2006;5022000
c:7376;2;16.09.2008;8478000
c:16070;1;08.05.2007;19545077
c:16070;2;14.02.2008;4954923
c:53814;1;08.08.2005;10000000
c:53831;1;06.01.2005;8500000
c:24040;1;29.05.2008;6000000
c:40762;1;01.11.2009;2000000
c:75008;1;12.07.2011;2372700
c:75008;2;08.05.2012;1727300
c:197;1;01.01.2005;6200000
c:3087;1;01.02.2007;5769811
c:3087;2;28.07.2008;6480189
c:23098;1;04.09.2006;5239478
c:23098;2;08.05.2008;6486122
c:45792;1;25.04.2005;12891288
c:45792;2;30.10.2006;3108712
c:37215;1;31.01.2009;2993341
c:37215;2;21.12.2010;873893
c:37215;3;28.12.2010;1189325
c:314;1;01.06.2005;100000
c:3991;1;01.01.2004;19208119
c:3991;2;15.05.2005;47040653
c:3991;3;18.08.2008;1951228
c:16892;1;01.02.2005;30462424
c:16892;2;03.04.2007;2326052
c:16892;3;21.04.2010;211524
c:38460;1;15.10.2010;3138247
c:38460;2;07.06.2011;80308
c:38460;3;20.04.2012;133639
c:64959;1;28.07.2011;1166380
c:64959;2;26.01.2012;1045620
c:36484;1;24.11.2009;19389399
c:36484;2;05.04.2010;239472
c:36484;3;21.10.2010;63433
c:36484;4;15.04.2011;107696
c:47270;1;01.12.2010;217629
c:47270;2;09.03.2011;4282371
c:17433;1;01.01.2008;7672853
c:17433;2;02.01.2008;6327147
c:144687;1;01.12.2011;100000
c:6592;1;10.05.2006;4140647
c:6592;2;05.06.2007;5759353
c:34545;1;01.01.2008;5409314
c:34545;2;03.11.2012;2023278
c:34545;3;22.01.2013;167408
c:17030;1;01.07.2008;50000
c:13358;1;01.01.2007;650000
c:10610;1;01.12.2008;7720350
c:10610;2;02.04.2009;76750
c:10610;3;23.09.2010;2702900
c:68470;1;21.06.2012;500000
c:10197;1;07.12.2004;22590957
c:10197;2;16.01.2007;1709043
c:33771;1;27.06.2006;12572220
c:33771;2;14.11.2006;5427780
c:437;1;26.12.2007;16544602
c:437;2;31.03.2009;6460668
c:437;3;15.11.2010;2994730
c:15870;1;01.04.2007;8861598
c:15870;2;13.01.2010;638402
c:20062;1;24.04.2007;16980999
c:281;1;01.01.2005;5000000
c:19869;1;01.12.2008;350000
c:8251;1;29.03.2007;9946561
c:8251;2;11.08.2007;139276
c:8251;3;18.12.2007;632133
c:8251;4;02.05.2008;2396262
c:8251;5;21.12.2010;15768
c:60243;1;28.10.2010;20000000
c:513;1;01.12.2006;4249887
c:513;2;06.03.2008;16684737
c:513;3;16.09.2009;5565376
c:19483;1;12.09.2005;3270623
c:19483;2;07.02.2006;11729377
c:49341;1;21.04.2006;2600000
c:31764;1;25.05.2006;8034396
c:31764;2;25.06.2008;7411760
c:31764;3;04.07.2009;942571
c:31764;4;11.01.2010;5081273
c:51969;1;01.05.2010;20000
c:1284;1;01.12.2006;142547
c:1284;2;01.08.2007;3457453
c:24029;1;01.03.2006;467651
c:24029;2;02.11.2006;465743
c:24029;3;03.02.2007;3614603
c:24029;4;10.07.2007;7600468
c:24029;5;04.06.2009;5026073
c:24029;6;25.10.2010;3680483
c:24029;7;30.07.2012;6444979
c:166772;1;02.08.2012;2600000
c:59709;1;21.10.2010;5000000
c:11888;1;03.10.2008;5933166
c:11888;2;22.03.2010;11066834
c:158294;1;14.05.2012;662000
c:58550;1;01.01.2010;1541143
c:58550;2;10.01.2011;2208857
c:4;1;01.10.2005;41735026
c:4;2;21.12.2006;1099264
c:4;3;28.09.2008;1411291
c:4;4;12.07.2011;754419
c:1475;1;19.09.2011;5684290
c:1475;2;10.09.2013;1015710
c:23134;1;06.03.2006;8343736
c:23134;2;29.06.2006;12193126
c:23134;3;17.11.2009;213138
c:453;1;01.03.2007;18155999
c:453;2;13.10.2010;823630
c:453;3;16.02.2011;8851
c:453;4;02.07.2013;11520
c:30;1;01.05.2006;18557829
c:30;2;28.10.2006;411272
c:30;3;01.06.2007;3530899
c:282;1;01.11.2005;6438083
c:282;2;21.01.2006;114748
c:282;3;05.06.2008;747169
c:6340;1;01.12.2005;15344
c:6340;2;22.12.2005;7826447
c:6340;3;24.07.2007;15560005
c:6340;4;05.07.2008;1870329
c:6340;5;22.11.2010;64767
c:6340;6;10.03.2012;864311
c:6340;7;27.12.2012;189616
c:9599;1;30.04.2009;10000000
c:63621;1;02.10.2010;31000
c:251;1;01.07.2007;1006858
c:251;2;08.07.2007;5590855
c:251;3;23.06.2008;14902287
c:12285;1;07.11.2006;4000000
c:885;1;01.01.2007;348033
c:885;2;23.11.2007;7649836
c:885;3;15.03.2010;1402131
c:1704;1;01.05.2007;5599979
c:1704;2;17.01.2009;0
c:1704;3;01.06.2009;21
c:5986;1;01.08.2008;4668215
c:5986;2;17.08.2009;1331785
c:23756;1;20.12.2002;56150876
c:23756;2;09.02.2008;2694419
c:23756;3;26.03.2008;1455558
c:23756;4;15.12.2010;403517
c:43172;1;01.01.2010;253937
c:43172;2;14.01.2010;1193075
c:43172;3;26.04.2012;552988
c:20637;1;16.04.2009;236151
c:20637;2;16.07.2009;763849
c:20033;1;01.12.2008;191388
c:20033;2;13.03.2009;8612
c:13504;1;12.11.2008;2300000
c:3185;1;20.03.2008;1000000
c:725;1;01.09.2004;5490767
c:725;2;06.07.2007;14505848
c:725;3;30.04.2008;376444
c:725;4;04.10.2008;267683
c:725;5;01.08.2009;4109258
c:13921;1;03.12.2007;1221420
c:13921;2;05.10.2011;11578580
c:24549;1;28.03.2005;23843765
c:24549;2;29.07.2007;6656235
c:5952;1;25.07.2008;24957973
c:5952;2;04.04.2009;4067969
c:5952;3;13.07.2011;7274058
c:43183;1;04.03.2010;2202494
c:43183;2;24.12.2010;1685960
c:43183;3;31.01.2011;2805328
c:41968;1;05.06.2007;20000000
c:5485;1;23.06.2008;11370000
c:9;1;01.01.2007;6252143
c:9;2;23.12.2007;5211812
c:9;3;19.01.2009;5036045
c:15129;1;01.09.2008;250000
c:339;1;01.02.2007;5161536
c:339;2;09.06.2007;7689325
c:339;3;25.08.2007;1409425
c:339;4;06.07.2009;5362
c:339;5;08.12.2009;134352
c:967;1;01.09.2007;45355569
c:967;2;22.07.2008;17332939
c:967;3;05.05.2009;13500783
c:967;4;14.10.2010;8091158
c:967;5;15.08.2011;5719551
c:2925;1;20.02.2006;853117
c:2925;2;23.11.2010;2433597
c:2925;3;06.04.2011;3230457
c:2925;4;09.04.2012;6557829
c:86;1;01.12.2006;25207998
c:86;2;01.01.2007;792002
c:69834;1;28.02.2011;7792522
c:69834;2;09.09.2011;8507478
c:44434;1;14.06.2007;3177411
c:44434;2;23.03.2010;2814905
c:40417;1;21.01.2010;58056005
c:40417;2;30.10.2010;11072981
c:40417;3;03.04.2011;3566649
c:40417;4;04.01.2012;16704366
c:18897;1;27.02.2006;1200000
c:43416;1;09.03.2010;1897287
c:43416;2;19.05.2010;2713
c:23692;1;07.05.2008;13808656
c:23692;2;15.10.2010;13205624
c:23692;3;26.05.2011;3285720
c:28162;1;29.08.2008;500000
c:1587;1;01.08.2006;46053769
c:1587;2;27.03.2008;7101824
c:1587;3;28.02.2011;14709256
c:1587;4;28.08.2012;4122811
c:1587;5;18.07.2013;2012340
c:26988;1;12.02.2007;18800000
c:26390;1;01.05.2009;20000
c:32094;1;01.03.2009;3057066
c:32094;2;14.07.2009;169657
c:32094;3;01.12.2009;774
c:32094;4;07.03.2011;122503
c:39364;1;07.01.2010;26100000
c:51623;1;31.05.2010;266321
c:51623;2;08.07.2011;946745
c:8676;1;04.11.2008;3977365
c:8676;2;17.01.2010;10546857
c:8676;3;21.03.2012;9505778
c:767;1;01.04.2007;4162891
c:767;2;22.03.2008;8155005
c:767;3;04.03.2010;782104
c:6011;1;01.05.2008;245969
c:6011;2;17.11.2009;156406
c:6011;3;06.01.2010;157626
c:31794;1;07.11.2011;3500000
c:10054;1;01.03.2005;117818164
c:10054;2;01.03.2005;27219
c:10054;3;15.07.2005;58350
c:10054;4;13.12.2006;165757
c:10054;5;02.09.2007;2122525
c:10054;6;09.10.2007;904858
c:10054;7;02.07.2012;403127
c:14036;1;22.12.2005;33402393
c:14036;2;27.12.2006;3364839
c:14036;3;02.11.2007;467584
c:14036;4;04.11.2008;5265184
c:38123;1;08.06.2005;13692925
c:38123;2;01.06.2006;22307075
c:16709;1;06.03.2008;12170000
c:46901;1;02.10.2007;1000000
c:18056;1;01.11.2011;1031490
c:18056;2;30.01.2012;183685
c:18056;3;07.06.2012;604825
c:13219;1;06.05.2008;302168862
c:13219;2;11.04.2009;2944005226
c:13219;3;07.11.2012;973256312
c:13219;4;27.02.2013;1480569600
c:44576;1;20.12.2007;5000000
c:55043;1;03.11.2010;8222093
c:55043;2;29.05.2011;10577907
c:31832;1;06.05.2005;34158330
c:31832;2;09.05.2006;38141670
c:51021;1;15.01.2009;884155
c:51021;2;08.03.2011;106304
c:51021;3;27.04.2012;319541
c:42672;1;01.06.2005;6867728
c:42672;2;10.10.2007;8132272
c:130;1;01.06.2006;35770822
c:130;2;07.05.2008;923784
c:130;3;25.11.2008;2313183
c:47601;1;25.01.2006;25000000
c:60087;1;01.05.2009;125732
c:60087;2;29.08.2010;42813
c:60087;3;04.02.2011;3955
c:24853;1;10.11.2010;3805031
c:24853;2;22.04.2011;2294969
c:14608;1;21.03.2006;33260567
c:14608;2;16.02.2007;5503755
c:14608;3;05.12.2011;1535678
c:65389;1;20.05.2011;100000
c:1767;1;01.01.2008;1119398
c:1767;2;19.08.2010;7351446
c:1767;3;10.08.2011;358653
c:1767;4;10.07.2012;1328494
c:1767;5;25.02.2013;9232007
c:6012;1;25.06.2002;7098291
c:6012;2;25.10.2004;54401709
c:44976;1;10.06.2010;6000000
c:2275;1;31.12.2003;10293583
c:2275;2;05.07.2005;3737846
c:2275;3;23.07.2007;1820836
c:2275;4;01.01.2009;3247735
c:16611;1;06.01.2009;3091983
c:16611;2;06.05.2009;45738
c:16611;3;21.08.2009;344153
c:16611;4;06.11.2010;18123
c:975;1;01.06.2007;1382068
c:975;2;17.09.2007;404097
c:975;3;14.01.2008;813835
c:51332;1;01.07.2009;1345480
c:51332;2;18.01.2010;484828
c:51332;3;03.02.2011;192692
c:25713;1;08.02.2007;25000000
c:36151;1;19.11.2009;6923068
c:36151;2;27.02.2010;2967778
c:36151;3;06.04.2012;31674511
c:36151;4;03.10.2012;24434643
c:148576;1;01.02.2011;299220
c:148576;2;11.02.2011;700780
c:73586;1;01.05.2011;9328356
c:73586;2;24.01.2012;3671644
c:46070;1;09.09.2005;5852849
c:46070;2;10.10.2010;7354781
c:46070;3;10.01.2012;10942370
c:84867;1;02.11.2009;29688437
c:84867;2;01.08.2011;4510080
c:84867;3;20.03.2012;13019981
c:12171;1;12.08.2005;4454724
c:12171;2;17.05.2006;7345276
c:45413;1;07.04.2010;1262863
c:45413;2;05.11.2010;1124618
c:1285;1;01.11.2000;13202578
c:1285;2;16.02.2004;17013191
c:1285;3;28.11.2005;774079
c:1285;4;01.08.2007;2010152
c:13730;1;03.09.2007;5657997
c:13730;2;18.11.2008;1842003
c:31936;1;29.09.2006;25000000
c:32011;1;16.09.2005;22353991
c:32011;2;08.01.2010;1280235
c:32011;3;09.09.2010;1409188
c:32011;4;14.12.2010;261586
c:22203;1;01.11.2008;774458
c:22203;2;24.11.2009;4175542
c:10512;1;05.12.2005;41130487
c:10512;2;21.02.2006;5835555
c:10512;3;27.04.2006;3307646
c:10512;4;06.11.2007;3007195
c:10512;5;08.10.2008;456022
c:10512;6;12.01.2010;79871
c:105;1;01.04.2005;2785664
c:105;2;01.05.2006;714336
c:60436;1;27.04.2012;5000000
c:5779;1;01.06.2007;1645529
c:5779;2;03.03.2009;804483
c:5779;3;14.12.2009;64988
c:3413;1;01.02.2007;761544
c:3413;2;01.07.2008;7638456
c:6049;1;01.08.2006;1136768
c:6049;2;01.01.2008;3763232
c:58998;1;18.04.2005;5000000
c:39283;1;28.06.2005;11000000
c:13681;1;01.01.2001;13721854
c:13681;2;18.03.2004;28580204
c:13681;3;08.04.2005;14845468
c:13681;4;01.04.2008;11252474
c:21762;1;01.02.2010;729241
c:21762;2;12.04.2011;1270759
c:39801;1;01.12.2006;6811794
c:39801;2;04.03.2008;3988206
c:1388;1;01.05.2005;35286507
c:1388;2;18.03.2006;1506989
c:1388;3;12.06.2007;100512
c:1388;4;03.06.2010;10428
c:1388;5;01.08.2010;95564
c:11307;1;10.07.2006;7660000
c:37929;1;05.05.2005;37314328
c:37929;2;11.07.2005;9124185
c:37929;3;15.09.2009;1812077
c:37929;4;23.03.2010;479410
c:47115;1;01.01.2009;318560
c:47115;2;01.06.2010;3031440
c:11817;1;17.07.2007;26452545
c:11817;2;28.01.2008;116504
c:11817;3;30.12.2009;746593
c:11817;4;10.11.2010;684358
c:81476;1;01.07.2011;2500000
c:155;1;01.06.2004;6277583
c:155;2;01.04.2005;1722417
c:9822;1;01.05.2008;164602
c:9822;2;26.05.2009;375398
c:93;1;01.01.2006;2656968
c:93;2;01.04.2007;443032
c:37635;1;07.05.2010;837646
c:37635;2;01.08.2011;362354
c:1627;1;01.06.2007;5000000
c:15294;1;18.04.2005;19089064
c:15294;2;15.07.2007;14191562
c:15294;3;16.11.2007;2230118
c:15294;4;24.10.2009;266472
c:15294;5;15.08.2010;318240
c:15294;6;01.01.2012;983544
c:27163;1;01.05.2006;133193466
c:27163;2;11.10.2008;879072
c:27163;3;02.07.2010;1021794
c:27163;4;01.03.2013;732041
c:3267;1;01.09.2007;4281835
c:3267;2;25.03.2008;718165
c:77139;1;18.03.2011;2125553
c:77139;2;02.10.2011;965607
c:77139;3;16.10.2011;800116
c:77139;4;01.02.2012;308724
c:9085;1;31.07.2008;4100000
c:80259;1;10.10.2011;2000000
c:26806;1;01.01.2006;6500000
c:18080;1;13.11.2006;4000000
c:55592;1;01.04.2010;149596
c:55592;2;07.04.2010;12141
c:55592;3;25.11.2010;18264
c:55592;4;12.12.2010;4812
c:55592;5;01.01.2011;187
c:74928;1;11.12.2011;1300000
c:2731;1;17.10.2006;45000000
c:32383;1;20.10.2010;2500000
c:1419;1;01.09.2005;3894004
c:1419;2;28.10.2007;5305996
c:53304;1;10.02.2009;108375
c:53304;2;02.08.2009;4483
c:53304;3;18.11.2009;63267
c:53304;4;12.06.2010;259828
c:1899;1;01.01.2007;4436339
c:1899;2;01.01.2008;51163661
c:29168;1;06.04.2007;10000000
c:60352;1;01.11.2010;12000
c:39507;1;11.01.2010;2103885
c:39507;2;31.01.2010;153579
c:82843;1;01.07.2011;410237
c:82843;2;10.11.2011;572763
c:23052;1;12.05.2009;20336683
c:23052;2;03.06.2010;20663317
c:10969;1;01.09.2006;8877771
c:10969;2;12.11.2007;105639
c:10969;3;22.07.2008;116590
c:6150;1;02.04.2007;22326769
c:6150;2;18.05.2007;3081861
c:6150;3;01.01.2012;91470
c:46129;1;19.04.2010;400000
c:36936;1;26.09.2006;14132785
c:36936;2;29.08.2007;4252645
c:36936;3;05.01.2008;3633349
c:36936;4;07.07.2008;7425
c:36936;5;14.07.2008;34479
c:36936;6;28.04.2009;33562
c:36936;7;10.05.2009;43054
c:36936;8;27.06.2009;12388
c:36936;9;14.12.2009;8083
c:36936;10;06.05.2010;7321
c:1760;1;01.08.2007;500000
c:173;1;01.10.2005;1546151
c:173;2;12.09.2007;38038886
c:173;3;21.01.2008;4301285
c:173;4;02.12.2008;16746356
c:173;5;20.12.2010;9367322
c:6520;1;03.06.2008;1460372
c:6520;2;04.05.2010;3239628
c:1725;1;03.01.2008;30000000
c:26007;1;24.01.2005;34574758
c:26007;2;04.02.2005;1112160
c:26007;3;03.06.2006;1177231
c:26007;4;16.02.2012;101137
c:26007;5;18.05.2012;2034714
c:16189;1;07.06.2006;2712716
c:16189;2;16.05.2008;21466117
c:16189;3;29.12.2008;7821167
c:6117;1;14.02.2000;2026040
c:6117;2;27.07.2000;12456643
c:6117;3;26.02.2001;27517317
c:45696;1;16.05.2005;13850103
c:45696;2;30.04.2009;5917856
c:45696;3;11.05.2010;4742581
c:56580;1;26.08.2005;2500000
c:23072;1;08.08.2005;8972230
c:23072;2;22.09.2008;8449092
c:23072;3;03.12.2009;4039341
c:49442;1;08.05.2006;15000000
c:38794;1;01.06.2007;578246
c:38794;2;12.04.2010;311753
c:58018;1;22.03.2005;16000000
c:921;1;01.12.2007;7000000
c:71120;1;01.03.2011;55199
c:71120;2;01.03.2011;44801
c:20146;1;26.08.2009;1500000
c:7440;1;12.01.2006;8000000
c:512;1;01.11.2007;2169055
c:512;2;28.04.2008;1830945
c:25808;1;26.06.2009;25000
c:20117;1;06.06.2005;6818442
c:20117;2;21.12.2008;41336720
c:20117;3;24.01.2009;4491545
c:20117;4;21.08.2009;3108973
c:20117;5;16.11.2010;2995917
c:20117;6;01.01.2012;5878403
c:10398;1;01.01.2006;7216245
c:10398;2;25.08.2008;4883755
c:14854;1;21.03.2005;8865677
c:14854;2;11.08.2006;11134323
c:37647;1;11.01.2005;17447637
c:37647;2;31.05.2005;28157322
c:37647;3;09.01.2012;3169475
c:37647;4;17.05.2012;825566
c:18875;1;05.07.2007;33157858
c:18875;2;02.07.2008;8454913
c:18875;3;03.09.2008;7463193
c:18875;4;10.10.2008;2239380
c:18875;5;10.12.2009;134656
c:27591;1;27.03.2008;1033207
c:27591;2;07.12.2010;5266793
c:76274;1;01.01.2012;200000
c:150577;1;01.09.2011;20000
c:12052;1;01.01.2003;3164593
c:12052;2;24.05.2006;8435407
c:3180;1;14.06.2006;9150000
c:33912;1;13.10.2009;1200000
c:71372;1;01.12.2011;1700000
c:465;1;01.08.2007;1158872
c:465;2;12.11.2007;7696
c:465;3;06.07.2009;248432
c:17430;1;01.02.2006;2481736
c:17430;2;19.02.2008;1718264
c:4529;1;01.12.2007;486123
c:4529;2;20.08.2008;13877
c:41957;1;13.12.2007;21500000
c:2889;1;16.06.2006;9201484
c:2889;2;01.01.2008;798516
c:46042;1;01.02.2005;2986037
c:46042;2;24.07.2006;6513963
c:38504;1;24.12.2009;4225116
c:38504;2;17.03.2012;9649885
c:25997;1;25.11.2010;275000
c:2953;1;01.02.2005;12896383
c:2953;2;08.09.2005;6547131
c:2953;3;13.01.2010;300256
c:49876;1;01.08.2010;258847
c:49876;2;04.10.2010;766946
c:49876;3;05.11.2011;89370
c:49876;4;21.12.2011;59106
c:49876;5;07.07.2012;3731
c:1447;1;01.10.2005;14229319
c:1447;2;20.04.2006;4578181
c:1447;3;18.10.2007;6192500
c:26114;1;02.08.2005;16778956
c:26114;2;22.12.2006;2387453
c:26114;3;07.03.2007;4983591
c:25688;1;01.10.2006;23355805
c:25688;2;18.07.2008;56644195
c:335;1;01.06.2005;23763005
c:335;2;29.04.2007;12236995
c:10153;1;11.02.2008;205000
c:27;1;01.11.2002;27279461
c:27;2;30.11.2003;315501
c:27;3;27.03.2005;6487
c:27;4;01.02.2007;698551
c:1957;1;01.05.2006;2000000
c:63;1;01.11.2005;9478733
c:63;2;01.04.2006;2021267
c:58699;1;22.11.2010;4000000
c:43386;1;19.04.2010;500000
c:3717;1;27.02.2007;4000000
c:70893;1;01.01.2010;6780126
c:70893;2;05.06.2012;2249874
c:24727;1;25.01.2005;24086066
c:24727;2;17.05.2008;27005396
c:24727;3;12.04.2009;6764015
c:24727;4;21.05.2009;12044523
c:162219;1;01.05.2012;20000
c:12178;1;21.07.2004;9308118
c:12178;2;16.11.2004;22626408
c:12178;3;29.10.2006;41898263
c:12178;4;27.03.2009;94258957
c:12178;5;12.08.2009;56016562
c:12178;6;12.08.2012;10756201
c:12178;7;24.10.2012;3345490
c:23487;1;06.02.2007;3421718
c:23487;2;30.01.2010;7330326
c:23487;3;24.09.2010;3947956
c:3400;1;15.11.2006;295466
c:3400;2;28.06.2007;85731
c:3400;3;15.11.2007;48803
c:176278;1;01.10.2012;243237
c:176278;2;01.11.2012;771763
c:22113;1;10.09.2009;1200000
c:5617;1;29.01.2007;925319
c:5617;2;29.07.2008;16174681
c:15996;1;03.09.2008;50000000
c:46893;1;28.08.2006;900000
c:1753;1;01.04.2007;6000000
c:22057;1;01.10.2002;2789311
c:22057;2;01.02.2009;12310689
c:35887;1;01.01.2002;13302978
c:35887;2;20.01.2004;2281743
c:35887;3;05.03.2006;5316811
c:35887;4;08.01.2007;25216383
c:35887;5;16.11.2009;16482085
c:1628;1;09.04.2008;6616558
c:1628;2;27.05.2009;3258748
c:1628;3;19.03.2010;574251
c:1628;4;06.01.2011;4350443
c:4453;1;16.04.2008;2511051
c:4453;2;23.05.2011;4363949
c:16973;1;24.10.2008;30000
c:47689;1;05.04.2006;22200000
c:459;1;01.08.2007;22068
c:459;2;23.10.2007;392932
c:3094;1;01.01.2007;10840811
c:3094;2;04.06.2010;6475320
c:3094;3;26.12.2010;1167801
c:3094;4;29.12.2010;8579849
c:12468;1;01.02.2006;3100000
c:856;1;01.03.2007;30123254
c:856;2;15.04.2008;2876746
c:16276;1;10.10.2005;286856
c:16276;2;20.08.2007;8017148
c:16276;3;01.01.2008;9095996
c:410;1;01.01.2005;26004677
c:410;2;10.05.2005;2184685
c:410;3;29.07.2006;61106
c:410;4;26.05.2007;41655
c:410;5;21.05.2008;7877
c:726;1;01.09.2006;6998905
c:726;2;06.11.2006;36896236
c:726;3;30.08.2007;682332
c:726;4;29.01.2009;2222527
c:8573;1;01.05.2010;989780
c:8573;2;28.09.2010;482313
c:8573;3;12.01.2011;52907
c:102867;1;18.03.2012;1200000
c:431;1;05.07.2005;6042894
c:431;2;14.05.2008;2651086
c:431;3;11.05.2009;3706020
c:60516;1;02.08.2010;100000
c:43832;1;22.03.2005;8788239
c:43832;2;10.07.2007;1999181
c:43832;3;29.04.2010;212580
c:83142;1;05.05.2011;644227
c:83142;2;12.04.2012;30773
c:9669;1;01.01.2005;6174297
c:9669;2;22.05.2007;6825703
c:62802;1;01.11.2010;3500000
c:56568;1;07.12.2005;12000000
c:531;1;01.08.2007;6687117
c:531;2;16.03.2009;49137847
c:531;3;03.04.2009;14006767
c:531;4;03.10.2011;7151774
c:531;5;07.11.2011;1590141
c:10158;1;15.06.2007;7804652
c:10158;2;29.02.2008;1948103
c:10158;3;29.01.2013;5533660
c:11438;1;17.09.2008;3200000
c:75796;1;07.03.2011;30000
c:45428;1;01.01.2002;3594659
c:45428;2;24.11.2007;2879877
c:45428;3;24.10.2012;8175467
c:16365;1;27.02.2006;3467078
c:16365;2;01.09.2008;20032922
c:46889;1;03.01.2006;980000
c:16264;1;26.02.2007;20000000
c:1253;1;01.01.2004;1500000
c:2838;1;04.03.2008;7669965
c:2838;2;14.07.2009;330035
c:732;1;28.01.2006;5446755
c:732;2;27.12.2006;6926074
c:732;3;22.01.2008;9027947
c:732;4;10.06.2010;3799224
c:1853;1;01.03.2006;2681728
c:1853;2;08.04.2006;45019286
c:1853;3;26.05.2007;9317208
c:1853;4;01.01.2008;3981778
c:971;1;01.09.2007;38772715
c:971;2;03.04.2008;983396
c:971;3;08.12.2009;3265161
c:971;4;19.08.2010;3278728
c:1107;1;10.01.2006;1195909
c:1107;2;31.05.2007;3768401
c:1107;3;13.06.2008;637323
c:1107;4;08.04.2010;18898367
c:17252;1;27.12.2006;3847972
c:17252;2;29.08.2007;3652028
c:997;1;01.04.2006;14500000
c:30307;1;25.08.2009;29000000
c:16271;1;01.01.2005;1023871
c:16271;2;18.04.2008;20172710
c:16271;3;19.05.2008;2803419
c:22712;1;09.05.2005;5870140
c:22712;2;21.07.2008;8263078
c:22712;3;04.03.2010;41877372
c:22712;4;15.03.2010;25006903
c:9782;1;06.08.2009;253042
c:9782;2;02.12.2009;746958
c:68169;1;07.02.2011;8549525
c:68169;2;15.11.2011;3460475
c:55354;1;03.10.2005;22000000
c:31488;1;12.06.2007;42700000
c:17542;1;21.12.2005;66607895
c:17542;2;24.04.2006;12435222
c:17542;3;22.05.2007;956883
c:44268;1;24.03.2011;205000
c:51228;1;07.07.2010;3750000
c:71852;1;01.08.2010;26755273
c:71852;2;23.03.2011;14244727
c:23125;1;11.11.2009;14662658
c:23125;2;21.06.2010;61337342
c:37928;1;01.01.2006;2203646
c:37928;2;01.10.2008;17796354
c:65916;1;13.08.2010;8161043
c:65916;2;06.03.2013;1195137
c:2245;1;01.04.2004;100000
c:16618;1;28.01.2009;12427825
c:16618;2;29.08.2011;1172175
c:1541;1;01.12.2007;3000000
c:15687;1;16.11.2006;19559942
c:15687;2;12.07.2008;1031601
c:15687;3;04.06.2010;56024
c:15687;4;07.06.2010;74487
c:15687;5;23.06.2011;416822
c:20889;1;10.06.2009;2279242
c:20889;2;19.08.2009;49065
c:20889;3;01.10.2009;3586
c:20889;4;11.01.2010;13107
c:2272;1;01.11.2005;4000000
c:5043;1;23.10.2006;1634994
c:5043;2;05.03.2008;15365006
c:42193;1;20.10.2010;1100000
c:60521;1;30.04.2010;37742
c:60521;2;28.12.2010;4318
c:60521;3;28.02.2011;7445
c:60521;4;01.06.2011;10195
c:4881;1;31.10.2008;2350000
c:7345;1;19.11.2007;10000000
c:103204;1;05.09.2011;9778
c:103204;2;13.06.2012;11411
c:25743;1;14.06.2006;26663645
c:25743;2;07.05.2008;369861
c:25743;3;25.02.2009;966494
c:55829;1;01.05.2005;9500000
c:26556;1;30.06.2005;24101677
c:26556;2;27.03.2007;25732514
c:26556;3;22.04.2009;19765809
c:29312;1;04.11.2005;17375930
c:29312;2;26.11.2007;856454
c:29312;3;29.07.2009;5267616
c:3050;1;21.06.2006;13000000
c:2709;1;25.07.2006;13963068
c:2709;2;27.02.2008;7786932
c:53946;1;28.02.2005;5750000
c:28752;1;26.09.2005;5230703
c:28752;2;06.03.2006;18169297
c:1148;1;25.03.2008;4300000
c:1967;1;12.11.2007;4435263
c:1967;2;22.04.2010;15564737
c:27142;1;26.03.2008;32705900
c:27142;2;10.05.2013;18294100
c:42123;1;08.09.2003;26151387
c:42123;2;21.01.2006;101335
c:42123;3;03.02.2006;305194
c:42123;4;17.02.2010;544078
c:41656;1;24.02.2006;6480000
c:16145;1;01.10.2007;16030424
c:16145;2;24.07.2009;18969576
c:6964;1;01.07.2006;10297519
c:6964;2;16.05.2008;762156
c:6964;3;25.05.2010;240325
c:155821;1;19.04.2012;19000
c:49052;1;01.09.2006;32961647
c:49052;2;03.12.2006;21151267
c:49052;3;19.02.2007;21826549
c:49052;4;14.08.2009;1822592
c:49052;5;09.11.2009;426013
c:49052;6;20.04.2010;311932
c:167795;1;10.01.2012;600000
c:34152;1;28.06.2005;2359650
c:34152;2;31.07.2006;10640350
c:3027;1;01.07.2005;42195302
c:3027;2;23.04.2007;1206781
c:3027;3;28.04.2007;96874
c:3027;4;18.04.2008;61175
c:3027;5;01.05.2008;39868
c:10176;1;19.01.2009;3387449
c:10176;2;30.06.2010;120088603
c:10176;3;24.07.2010;12895468
c:10176;4;14.08.2010;2471272
c:10176;5;29.02.2012;3157208
c:50076;1;17.06.2010;878410
c:50076;2;01.08.2011;1121590
c:26122;1;01.01.2003;13030497
c:26122;2;11.01.2004;8429097
c:26122;3;17.01.2005;5340406
c:17501;1;17.04.2007;26935445
c:17501;2;03.10.2009;317323
c:17501;3;15.02.2010;18691981
c:17501;4;28.11.2010;2148492
c:17501;5;14.03.2012;5408409
c:17501;6;21.05.2012;2398350
c:1613;1;01.10.2006;7300638
c:1613;2;17.12.2007;3699362
c:41484;1;01.06.2009;8295709
c:41484;2;06.03.2011;16824358
c:41484;3;23.06.2011;6379933
c:76102;1;30.10.2012;1500000
c:76765;1;20.05.2011;650944
c:76765;2;26.08.2011;131546
c:76765;3;09.07.2012;117510
c:24986;1;17.06.2004;7038921
c:24986;2;27.10.2005;17953957
c:24986;3;22.05.2009;33007122
c:14593;1;01.07.2007;25439830
c:14593;2;17.07.2007;2802859
c:14593;3;14.10.2010;746660
c:14593;4;19.12.2011;60651
c:138030;1;05.10.2011;118773
c:138030;2;14.06.2013;131227
c:45339;1;25.08.2006;21000000
c:1214;1;01.03.2004;30955373
c:1214;2;07.06.2007;4044627
c:63731;1;15.08.2010;500000
c:47848;1;10.08.2005;5438388
c:47848;2;21.06.2006;25481612
c:5347;1;01.01.2004;4744878
c:5347;2;29.02.2004;8265436
c:5347;3;24.08.2007;3775825
c:5347;4;12.01.2010;12502840
c:14993;1;04.02.2007;4629131
c:14993;2;29.06.2007;9529596
c:14993;3;24.08.2010;6706399
c:14993;4;12.05.2011;3334874
c:1223;1;01.10.2007;1000000
c:55421;1;01.01.2004;971864
c:55421;2;21.01.2006;4578136
c:28403;1;01.06.2009;2118680
c:28403;2;29.11.2011;881320
c:1283;1;05.06.2006;7842790
c:1283;2;01.09.2007;6457210
c:49621;1;21.03.2006;1000000
c:15122;1;25.07.2005;9573064
c:15122;2;22.05.2006;1426936
c:38019;1;01.01.2009;1267997
c:38019;2;01.01.2010;732003
c:4961;1;01.12.2007;662846
c:4961;2;20.10.2009;4337154
c:41483;1;01.01.2010;11000000
c:12348;1;01.12.2008;13728276
c:12348;2;22.02.2011;218249
c:12348;3;29.05.2011;44126
c:12348;4;01.12.2011;109349
c:3202;1;01.02.2006;5000000
c:32144;1;01.01.2009;114141
c:32144;2;01.08.2010;285859
c:32023;1;23.05.2007;10000000
c:1445;1;01.11.2005;8493689
c:1445;2;21.03.2008;148611
c:1445;3;26.01.2009;2392700
c:53686;1;22.08.2005;12700000
c:50208;1;13.12.2010;19640313
c:50208;2;22.07.2011;1116869
c:16874;1;17.11.2005;8783646
c:16874;2;03.03.2007;6155712
c:16874;3;11.09.2007;12060642
c:643;1;01.01.2008;10000000
c:53471;1;22.03.2005;26000000
c:37780;1;01.03.2007;1103402
c:37780;2;15.12.2009;2896598
c:17508;1;31.01.2006;13860606
c:17508;2;10.12.2007;6359394
c:2804;1;07.07.2005;10000000
c:11397;1;11.10.2006;6485600
c:11397;2;14.11.2008;864400
c:41409;1;07.04.2010;50000
c:55436;1;19.11.2010;1000000
c:12630;1;17.10.2005;22484014
c:12630;2;24.06.2007;3475778
c:12630;3;26.09.2007;4112384
c:12630;4;12.01.2009;14927824
c:365;1;18.09.2007;47145710
c:365;2;17.05.2008;2819334
c:365;3;02.06.2008;8001119
c:365;4;21.11.2011;2888448
c:365;5;03.05.2012;9145389
c:20832;1;23.04.2009;500000
c:39399;1;01.09.2008;231547
c:39399;2;01.12.2009;268453
c:17809;1;01.02.2005;18439403
c:17809;2;21.07.2005;16382730
c:17809;3;23.08.2007;9177867
c:23788;1;11.05.2009;21000000
c:30834;1;15.09.2009;15923449
c:30834;2;18.02.2010;3076551
c:39105;1;05.06.2007;4644216
c:39105;2;18.06.2008;11899115
c:39105;3;16.07.2010;2156669
c:49960;1;05.10.2010;10000000
c:9106;1;01.01.2007;4808258
c:9106;2;01.01.2007;114914
c:9106;3;01.01.2007;976828
c:17581;1;06.06.2007;7190749
c:17581;2;02.04.2008;20809251
c:14028;1;01.01.2007;7550556
c:14028;2;02.01.2008;6458344
c:14028;3;14.04.2008;391764
c:14028;4;08.09.2009;3524299
c:14028;5;16.04.2010;4658533
c:14028;6;10.08.2010;931218
c:14028;7;24.05.2011;785286
c:1309;1;01.06.2005;27529445
c:1309;2;07.02.2007;4025725
c:1309;3;02.05.2010;264058
c:1309;4;03.05.2010;186772
c:28420;1;01.02.2005;13400000
c:6562;1;06.04.2009;6405108
c:6562;2;24.05.2009;823390
c:6562;3;31.03.2010;2171502
c:4394;1;01.02.2006;5000436
c:4394;2;16.12.2006;6940463
c:4394;3;06.07.2007;1294948
c:4394;4;22.09.2009;496610
c:4394;5;21.02.2010;1384291
c:4394;6;07.12.2012;207876
c:52346;1;01.07.2010;2000000
c:200;1;01.11.2007;7044732
c:200;2;08.06.2010;3667556
c:200;3;01.02.2011;5287712
c:36892;1;02.12.2009;9697566
c:36892;2;08.01.2011;957520
c:36892;3;24.09.2012;33344914
c:139729;1;24.10.2011;88417
c:139729;2;15.06.2012;1086583
c:17724;1;30.10.2006;5902003
c:17724;2;07.04.2010;3097997
c:16285;1;01.05.2002;15269716
c:16285;2;21.08.2004;2845542
c:16285;3;16.05.2007;17034742
c:43954;1;01.05.2006;7365304
c:43954;2;06.06.2007;3638773
c:43954;3;02.09.2010;995923
c:27555;1;30.08.2007;30000000
c:18804;1;17.02.2009;8000000
c:14787;1;04.02.2009;4100000
c:81474;1;15.12.2009;1688589
c:81474;2;06.07.2011;719911
c:34401;1;01.03.2004;44407801
c:34401;2;18.04.2006;6283026
c:34401;3;29.06.2007;21051241
c:34401;4;06.11.2007;257932
c:37934;1;01.01.2007;13835715
c:37934;2;01.01.2008;4564285
c:25383;1;07.01.2005;152485902
c:25383;2;08.10.2005;1984573
c:25383;3;21.03.2006;2031560
c:25383;4;02.03.2007;4586044
c:25383;5;12.01.2008;142900
c:25383;6;27.02.2011;842090
c:25383;7;19.12.2011;191057
c:49872;1;15.06.2010;29000000
c:58560;1;03.06.2005;8700000
c:7666;1;08.09.2005;10000000
c:19670;1;01.12.2008;14762464
c:19670;2;19.08.2010;237536
c:35148;1;01.09.2008;2600000
c:142;1;01.05.2006;15000000
c:101312;1;01.07.2011;1014331
c:101312;2;20.05.2012;1252888
c:101312;3;25.03.2013;1732781
c:46168;1;01.12.2006;34832206
c:46168;2;18.07.2011;38167794
c:78868;1;27.06.2011;3117396
c:78868;2;20.12.2011;48083
c:78868;3;08.03.2012;634874
c:78868;4;05.04.2012;8323484
c:1236;1;01.11.2006;15027109
c:1236;2;05.06.2007;5006378
c:1236;3;27.05.2008;2366513
c:33949;1;15.04.2010;1651103
c:33949;2;04.01.2011;4048897
c:35433;1;18.07.2006;11350839
c:35433;2;09.11.2009;17149161
c:17774;1;01.12.2007;9548405
c:17774;2;26.01.2009;11451595
c:44064;1;18.11.2005;8000000
c:6171;1;16.03.2008;1500000
c:637;1;01.05.2007;9636711
c:637;2;21.04.2008;12682455
c:637;3;17.03.2009;5980834
c:30343;1;22.02.2010;4036035
c:30343;2;15.04.2010;2431614
c:30343;3;27.11.2010;720471
c:30343;4;14.01.2011;735486
c:30343;5;20.12.2012;15947
c:36276;1;01.11.2009;545000
c:36310;1;29.09.2005;1451769
c:36310;2;26.11.2009;6279334
c:36310;3;14.12.2009;7516822
c:835;1;01.04.2007;10226205
c:835;2;11.05.2007;1201948
c:835;3;23.07.2009;1371847
c:46863;1;24.03.2011;813615
c:46863;2;23.08.2012;136385
c:179;1;01.12.2002;3133169
c:179;2;01.12.2004;12866831
c:16784;1;01.01.2006;10000000
c:72750;1;12.10.2011;1500000
c:40152;1;03.11.2009;7715408
c:40152;2;10.12.2010;5284592
c:54077;1;23.08.2011;10000000
c:10452;1;19.01.2010;3375983
c:10452;2;30.12.2010;539017
c:55427;1;01.08.2009;936266
c:55427;2;01.02.2011;463734
c:195311;1;01.08.2012;8753
c:195311;2;10.04.2013;641247
c:2497;1;01.06.2007;2895740
c:2497;2;18.04.2009;3787003
c:2497;3;30.03.2010;3017257
c:13465;1;01.03.2006;15000000
c:17983;1;10.10.2005;10272206
c:17983;2;11.08.2006;10235327
c:17983;3;12.08.2006;12949116
c:17983;4;01.04.2012;5307351
c:12099;1;01.03.2006;122360364
c:12099;2;03.05.2006;24030574
c:12099;3;14.11.2007;8903268
c:12099;4;14.04.2010;30312481
c:12099;5;19.07.2010;23557582
c:12099;6;21.01.2011;316962
c:12099;7;24.11.2011;1869294
c:12099;8;01.04.2012;52475
c:51239;1;23.06.2010;17887872
c:51239;2;23.08.2010;2862128
c:74743;1;31.08.2010;355949
c:74743;2;20.04.2011;664051
c:36192;1;07.06.2007;13000000
c:20313;1;01.01.2008;12292519
c:20313;2;01.10.2011;2407481
c:60;1;01.03.2006;11437222
c:60;2;04.06.2008;14034886
c:60;3;24.08.2008;2603305
c:60;4;01.03.2009;4924587
c:50092;1;23.06.2010;30000000
c:1637;1;01.11.2006;25400955
c:1637;2;26.05.2007;1953339
c:1637;3;11.11.2007;2838394
c:1637;4;11.05.2010;2807312
c:144631;1;15.06.2011;150000
c:56478;1;01.05.2010;20000
c:131583;1;04.10.2011;5260862
c:131583;2;13.04.2012;9007905
c:131583;3;24.01.2013;16657387
c:146596;1;10.06.2011;2000000
c:42163;1;16.07.2007;1303720
c:42163;2;01.05.2012;17696280
c:16111;1;13.01.2005;26535336
c:16111;2;09.06.2006;1855368
c:16111;3;01.10.2008;4609296
c:24274;1;10.05.2006;10578881
c:24274;2;01.02.2007;3379881
c:24274;3;24.04.2008;1691238
c:763;1;01.04.2007;13602949
c:763;2;25.05.2007;1662620
c:763;3;12.06.2008;2134431
c:79089;1;01.08.2011;154000
c:43480;1;21.10.2008;35000000
c:12224;1;01.08.2008;4090404
c:12224;2;08.12.2008;1507885
c:12224;3;21.02.2011;1769407
c:12224;4;05.06.2012;149007
c:54488;1;16.08.2010;48000000
c:16181;1;02.06.2005;8738060
c:16181;2;24.12.2005;42968272
c:16181;3;18.04.2008;14093668
c:173118;1;05.04.2013;112716
c:173118;2;16.05.2013;12284
c:1607;1;01.06.2007;750000
c:78759;1;10.06.2011;17000000
c:3562;1;30.09.2009;3796112
c:3562;2;09.02.2011;241675
c:3562;3;29.05.2012;49713
c:38655;1;15.11.2005;1000000
c:52406;1;01.01.2007;1368903
c:52406;2;29.08.2008;17771887
c:52406;3;15.04.2009;1218377
c:52406;4;05.04.2010;689193
c:52406;5;19.06.2013;2451640
c:2178;1;29.08.2007;990000
c:10864;1;01.01.2008;1000000
c:934;1;01.09.2006;17585320
c:934;2;27.08.2007;20432869
c:934;3;03.06.2009;1303326
c:934;4;17.02.2011;1678485
c:23251;1;15.05.2008;7000000
c:25600;1;30.10.2008;3463129
c:25600;2;28.01.2010;51536871
c:46943;1;29.06.2011;24818976
c:46943;2;17.09.2012;44181024
c:15829;1;01.05.2007;43792954
c:15829;2;16.03.2008;45537131
c:15829;3;19.07.2008;30612352
c:15829;4;07.03.2011;1984901
c:15829;5;08.05.2011;6937
c:15829;6;13.07.2012;6913268
c:15829;7;23.09.2012;802149
c:15829;8;28.01.2013;27461
c:25737;1;03.07.2008;191157146
c:25737;2;11.06.2010;37347709
c:25737;3;03.11.2010;2322865
c:25737;4;04.08.2011;1158571
c:25737;5;24.08.2011;9922
c:25737;6;01.04.2013;3887
c:28483;1;01.09.2009;3966469
c:28483;2;03.03.2011;1733531
c:21040;1;21.08.2007;10500000
c:15458;1;20.09.2006;11705082
c:15458;2;01.09.2008;11294918
c:1590;1;01.02.2006;7233222
c:1590;2;20.11.2007;887111
c:1590;3;23.02.2010;5879667
c:5988;1;25.08.2006;3515202
c:5988;2;25.08.2006;3984798
c:34549;1;25.11.2009;1420000
c:19538;1;29.10.2008;1395118
c:19538;2;04.02.2011;7604882
c:29605;1;07.10.2009;500000
c:148139;1;23.01.2012;43946
c:148139;2;01.10.2012;26054
c:904;1;01.05.2007;443810
c:904;2;27.05.2008;406190
c:64694;1;16.11.2011;15000000
c:1923;1;07.02.2008;1858972
c:1923;2;04.09.2008;1291028
c:152560;1;20.03.2012;5500000
c:71639;1;20.11.2013;10571182
c:65601;1;01.08.2010;500000
c:2351;1;04.05.2006;16239008
c:2351;2;01.06.2006;1528775
c:2351;3;16.07.2007;2826967
c:2351;4;04.12.2007;4139351
c:2351;5;01.10.2008;4272
c:2351;6;20.02.2010;102354
c:2351;7;26.02.2010;59273
c:6854;1;05.06.2009;864428
c:6854;2;28.12.2009;2664747
c:25306;1;01.03.2008;7959827
c:25306;2;14.09.2008;6875889
c:25306;3;20.12.2009;1033170
c:25306;4;11.10.2012;7531114
c:10915;1;26.05.2009;8800000
c:70661;1;01.02.2010;1500000
c:9668;1;09.11.2004;23655658
c:9668;2;18.02.2006;25955441
c:9668;3;13.10.2006;24308689
c:9668;4;23.03.2007;59116
c:9668;5;28.04.2008;1380
c:9668;6;16.09.2008;2847
c:9668;7;02.06.2009;16869
c:2434;1;01.06.2001;777363
c:2434;2;28.08.2001;1662948
c:2434;3;31.12.2001;6359689
c:522;1;01.08.2003;2294864
c:522;2;10.08.2005;4805136
c:1165;1;01.09.2007;971520
c:1165;2;13.06.2008;1495568
c:1165;3;01.05.2009;1032912
c:80433;1;28.06.2011;3000000
c:79456;1;17.04.2011;3205
c:79456;2;09.06.2011;7795
c:17282;1;18.07.2007;17198240
c:17282;2;06.06.2008;34769
c:17282;3;06.08.2009;8966991
c:3610;1;04.04.2006;17482573
c:3610;2;22.08.2007;11517427
c:30667;1;03.11.2008;10000000
c:59054;1;11.08.2011;500000
c:22721;1;01.02.2008;529796
c:22721;2;06.11.2008;3040341
c:22721;3;02.11.2009;7929863
c:22168;1;14.09.2010;2576255
c:22168;2;11.07.2011;594487
c:22168;3;17.02.2013;288343
c:22168;4;14.05.2013;329767
c:22168;5;04.06.2013;1561148
c:1205;1;02.10.2006;2815389
c:1205;2;06.12.2008;5088025
c:1205;3;27.01.2010;3112305
c:23139;1;10.11.2009;292517
c:23139;2;18.04.2010;1537744
c:23139;3;18.05.2010;7977106
c:51379;1;01.01.2010;1413688
c:51379;2;16.02.2011;1121312
c:23107;1;19.06.2007;14589985
c:23107;2;19.12.2007;730790
c:23107;3;13.12.2010;3679225
c:50162;1;01.02.2010;458121
c:50162;2;10.08.2011;1671
c:50162;3;06.11.2012;15208
c:15470;1;06.10.2008;28812306
c:15470;2;10.11.2010;7187694
c:58237;1;02.03.2005;12000000
c:25001;1;27.05.2009;1196849
c:25001;2;02.04.2010;106766976
c:25001;3;17.04.2011;7153157
c:25001;4;04.10.2012;6883018
c:163104;1;30.06.2012;1750000
c:43263;1;01.03.2010;130000
c:37173;1;30.11.2006;12301596
c:37173;2;27.08.2009;630899
c:37173;3;24.11.2009;290365
c:12179;1;17.02.2009;1876986
c:12179;2;24.02.2011;315014
c:42501;1;22.02.2010;2000000
c:15017;1;09.01.2008;5497141
c:15017;2;16.12.2009;3902859
c:17320;1;05.05.2008;540927
c:17320;2;24.06.2009;9990115
c:17320;3;19.01.2010;100106
c:17320;4;23.03.2010;2413852
c:1716;1;06.03.2006;9318247
c:1716;2;14.06.2006;493091
c:1716;3;01.01.2008;27074
c:1716;4;05.02.2010;161588
c:6356;1;04.06.2008;6000000
c:7163;1;01.01.2008;1644744
c:7163;2;22.07.2009;455256
c:46835;1;03.05.2010;283258
c:46835;2;21.10.2010;2966742
c:18027;1;27.07.2006;102039521
c:18027;2;19.09.2006;11395902
c:18027;3;25.02.2007;34564577
c:17634;1;01.12.2003;6172429
c:17634;2;18.04.2009;18327571
c:47341;1;01.04.2009;6477
c:47341;2;01.03.2010;65523
c:42610;1;08.08.2007;10360000
c:10137;1;15.07.2008;437490
c:10137;2;24.05.2009;200071
c:10137;3;01.02.2010;672439
c:47662;1;01.01.2010;150000
c:29387;1;01.02.2006;5257223
c:29387;2;28.03.2009;38956777
c:29387;3;24.04.2012;19786000
c:58696;1;01.05.2010;250000
c:13815;1;01.10.2007;483308
c:13815;2;19.08.2008;327106
c:13815;3;01.02.2010;1019586
c:55307;1;01.01.2011;698372
c:55307;2;10.08.2011;9101628
c:2033;1;01.03.2007;2300000
c:444;1;01.08.2007;366113
c:444;2;02.04.2008;943887
c:454;1;01.05.2007;1696437
c:454;2;01.02.2008;2803563
c:11531;1;28.02.2005;15800733
c:11531;2;14.03.2006;2500874
c:11531;3;23.09.2008;3698393
c:741;1;01.09.2007;1483493
c:741;2;13.01.2009;2955711
c:741;3;29.01.2009;5560796
c:37826;1;20.01.2010;12686133
c:37826;2;06.04.2010;7169355
c:37826;3;13.05.2010;11139178
c:37826;4;01.06.2011;5505334
c:7299;1;01.03.2005;9624993
c:7299;2;27.05.2008;20643259
c:7299;3;03.01.2010;84050
c:7299;4;13.04.2011;43364
c:7299;5;19.04.2012;1693758
c:7299;6;06.11.2012;166624
c:7299;7;14.05.2013;1416608
c:35579;1;11.11.2009;884287
c:35579;2;07.11.2010;4948605
c:35579;3;05.12.2011;13167108
c:21654;1;20.06.2005;30000000
c:57338;1;23.09.2010;807941
c:57338;2;24.02.2012;1442059
c:16613;1;11.11.2005;49453852
c:16613;2;22.09.2006;4262941
c:16613;3;10.06.2007;62018
c:16613;4;13.03.2008;33933
c:16613;5;07.11.2009;4532
c:16613;6;16.12.2009;1597
c:334;1;01.10.2006;5500000
c:8527;1;29.11.2008;6000000
c:1389;1;01.07.2007;501301
c:1389;2;01.09.2007;29648699
c:31614;1;14.10.2005;32363208
c:31614;2;06.07.2007;50636792
c:15709;1;01.01.2007;8441846
c:15709;2;16.09.2008;3558154
c:63053;1;01.03.2008;1934900
c:63053;2;01.07.2009;1565100
c:668;1;07.06.2007;4000000
c:79149;1;15.06.2011;493322
c:79149;2;08.08.2012;3506678
c:17070;1;28.10.2005;13804677
c:17070;2;17.09.2007;11195323
c:7329;1;01.06.2008;562045
c:7329;2;28.06.2010;436592
c:7329;3;05.05.2011;422061
c:26666;1;16.05.2003;9057761
c:26666;2;29.01.2007;942239
c:32475;1;01.03.2008;54489636
c:32475;2;13.03.2010;7237859
c:32475;3;18.10.2011;5272505
c:5585;1;01.11.2005;6665323
c:5585;2;11.01.2008;15525349
c:5585;3;14.02.2008;17904943
c:5585;4;22.09.2010;12904385
c:59298;1;18.10.2010;266619
c:59298;2;22.07.2011;33381
c:19725;1;01.09.2007;116473
c:19725;2;02.03.2010;224543
c:19725;3;01.07.2010;1058984
c:3770;1;01.12.2006;76615
c:3770;2;02.04.2008;6423385
c:13127;1;11.02.2010;5000000
c:59187;1;07.12.2009;2679053
c:59187;2;13.07.2012;6920947
c:253;1;01.05.2000;55977018
c:253;2;25.02.2002;1849369
c:253;3;20.06.2002;298041
c:253;4;29.05.2003;30774
c:253;5;01.07.2007;44798
c:1350;1;01.12.2006;5579846
c:1350;2;23.08.2007;10589296
c:1350;3;30.09.2009;11830858
c:26240;1;30.09.2009;5145210
c:26240;2;25.03.2010;24854790
c:3487;1;01.01.2008;1417716
c:3487;2;01.03.2009;2082284
c:2478;1;01.02.2008;16700000
c:42062;1;20.02.2007;18000000
c:51890;1;14.07.2010;15000000
c:17481;1;01.12.2007;9509214
c:17481;2;01.12.2007;2490786
c:148284;1;01.01.2011;15000
c:38095;1;09.03.2011;200000
c:42227;1;10.01.2007;15000000
c:41006;1;09.09.2009;594195
c:41006;2;01.01.2011;805805
c:27938;1;19.02.2005;3933655
c:27938;2;14.08.2009;5675476
c:27938;3;02.02.2012;258526
c:27938;4;14.02.2012;1532343
c:28482;1;03.10.2008;14671390
c:28482;2;19.01.2010;9011834
c:28482;3;01.03.2010;32310
c:28482;4;30.05.2012;10534466
c:5801;1;01.01.2008;1724231
c:5801;2;28.07.2009;1624177
c:5801;3;22.01.2010;309916
c:5801;4;20.09.2010;141676
c:17738;1;14.06.2007;8338364
c:17738;2;10.02.2009;1761636
c:45112;1;29.01.2007;4000000
c:22726;1;15.12.2009;3011408
c:43458;1;23.09.2007;8000000
c:195233;1;01.07.2010;371057
c:195233;2;17.05.2013;12328943
c:6219;1;01.09.2007;300000
c:38337;1;05.02.2013;5675000
c:20672;1;01.09.2012;1000000
c:14483;1;01.09.2008;125000
c:44616;1;24.03.2010;128003
c:44616;2;15.12.2010;571997
c:60580;1;01.11.2010;144086
c:60580;2;24.03.2011;387914
c:1111;1;01.10.2005;6239788
c:1111;2;01.10.2007;2260212
c:2955;1;27.07.2006;9400000
c:148566;1;01.01.2009;185150
c:148566;2;01.04.2012;164850
c:703;1;01.06.2007;7165582
c:703;2;16.06.2009;5134418
c:38721;1;30.07.2007;24564985
c:38721;2;22.08.2008;230216
c:38721;3;13.04.2011;479980
c:38721;4;10.05.2011;63642
c:38721;5;16.12.2011;74475
c:79431;1;06.10.2010;1863520
c:79431;2;16.06.2011;7936480
c:50449;1;01.01.2010;918944
c:50449;2;01.09.2010;96056
c:61783;1;01.01.2009;2729064
c:61783;2;31.12.2009;6241974
c:61783;3;12.06.2010;585827
c:61783;4;24.01.2012;322142
c:61783;5;21.06.2012;120996
c:10199;1;15.03.2008;1742389
c:10199;2;15.04.2010;7611
c:37304;1;10.08.2010;100000
c:179507;1;04.12.2012;12000000
c:55122;1;25.08.2010;1620688
c:55122;2;04.01.2011;9829312
c:11498;1;01.08.2008;50000
c:16134;1;31.07.2008;20000000
c:35511;1;19.12.2005;39134971
c:35511;2;18.09.2006;3365029
c:30152;1;01.01.2006;21927589
c:30152;2;11.11.2007;85585
c:30152;3;07.05.2008;473826
c:27339;1;14.07.2009;7800000
c:25510;1;21.12.2004;13642621
c:25510;2;18.04.2006;14640775
c:25510;3;30.09.2007;30186267
c:25510;4;31.03.2011;530337
c:33519;1;01.02.2011;4000000
c:42223;1;17.02.2010;30944374
c:42223;2;06.12.2010;27392917
c:42223;3;07.03.2011;11743069
c:42223;4;06.02.2013;1319640
c:42497;1;16.10.2008;23092512
c:42497;2;01.02.2012;993653
c:42497;3;26.04.2012;1413835
c:15123;1;10.11.2010;1899239
c:15123;2;20.03.2012;3799606
c:15123;3;27.08.2012;4021196
c:15123;4;11.09.2012;19212281
c:23588;1;01.01.2008;34089601
c:23588;2;06.11.2011;930280
c:23588;3;10.11.2011;109883
c:23588;4;06.04.2012;27659
c:23588;5;28.07.2012;38016
c:23588;6;01.10.2012;4561
c:38273;1;14.03.2005;8729509
c:38273;2;11.02.2008;1270491
c:15018;1;26.09.2008;10089580
c:15018;2;06.02.2011;3705732
c:15018;3;22.09.2011;8304688
c:37335;1;20.01.2004;15995009
c:37335;2;05.04.2004;2364336
c:37335;3;25.05.2004;457687
c:37335;4;30.08.2005;4413111
c:37335;5;22.06.2010;9769857
c:31559;1;19.04.2007;15000000
c:9665;1;07.12.2006;501737
c:9665;2;31.01.2008;6828978
c:9665;3;25.02.2009;5669285
c:18163;1;19.12.2005;11341840
c:18163;2;12.03.2007;1458160
c:14345;1;01.01.2008;264756
c:14345;2;12.08.2011;361340
c:33416;1;01.04.2008;9230157
c:33416;2;31.01.2010;8942418
c:33416;3;12.06.2010;1292175
c:33416;4;24.01.2012;885250
c:40147;1;12.10.2009;10000000
c:62269;1;27.07.2011;425000
c:16273;1;12.05.2008;34621058
c:16273;2;01.07.2010;2310904
c:16273;3;22.12.2010;959092
c:38196;1;01.02.2005;23429555
c:38196;2;21.06.2005;16391679
c:38196;3;12.04.2008;58276
c:38196;4;23.03.2010;84243
c:38196;5;04.10.2011;36247
c:5411;1;14.05.2008;5385314
c:5411;2;23.02.2009;108868
c:5411;3;16.10.2009;55818
c:54465;1;01.08.2010;770000
c:34267;1;10.10.2006;12935995
c:34267;2;20.08.2007;5321261
c:34267;3;13.12.2008;944125
c:34267;4;26.05.2011;348619
c:1042;1;24.03.2009;642138
c:1042;2;31.12.2009;3357862
c:1756;1;01.04.2005;27326104
c:1756;2;28.06.2008;914860
c:1756;3;03.07.2008;1629212
c:1756;4;24.12.2009;12129824
c:31452;1;27.08.2008;1900000
c:39101;1;05.01.2010;38133355
c:39101;2;20.07.2010;4673574
c:39101;3;20.07.2011;2233070
c:60186;1;13.07.2010;1310000
c:74341;1;01.01.2008;3000000
c:3950;1;01.01.2008;33495077
c:3950;2;07.05.2009;1963652
c:3950;3;25.01.2010;516127
c:3950;4;15.06.2011;25144
c:60457;1;30.06.2010;3000000
c:7748;1;31.01.2008;1300000
c:35903;1;01.10.2006;50000
c:714;1;14.05.2012;6500000
c:90087;1;07.09.2011;4031863
c:90087;2;23.04.2012;568137
c:9373;1;15.02.2007;3800560
c:9373;2;02.04.2009;4158153
c:9373;3;07.01.2011;13941287
c:16343;1;01.12.2008;240000
c:13734;1;01.01.2005;763710
c:13734;2;23.03.2007;19490534
c:13734;3;26.12.2007;5799066
c:13734;4;20.04.2010;8646690
c:4060;1;01.08.2005;23858258
c:4060;2;26.03.2008;7364114
c:4060;3;13.10.2008;1412789
c:4060;4;23.03.2010;364839
c:58420;1;20.12.2011;744505
c:58420;2;18.02.2013;1055495
c:815;1;01.01.2006;11180684
c:815;2;18.08.2006;1372174
c:815;3;27.08.2009;14747142
c:42112;1;18.02.2010;5395060
c:42112;2;01.04.2012;1364940
c:16178;1;01.01.2000;21865382
c:16178;2;29.05.2003;2050729
c:16178;3;30.06.2006;2997889
c:27021;1;03.10.2005;27500000
c:43133;1;12.04.2007;9000000
c:25756;1;13.01.2010;954000
c:17884;1;20.04.2005;16476786
c:17884;2;28.03.2006;7759372
c:17884;3;14.08.2008;28763842
c:208;1;01.05.2006;7799891
c:208;2;18.10.2007;11523147
c:208;3;01.12.2007;59526
c:208;4;03.09.2010;3717436
c:1078;1;01.01.2007;29234981
c:1078;2;02.07.2007;48163020
c:1078;3;26.03.2008;26611763
c:1078;4;14.06.2012;4890236
c:1600;1;01.11.2005;28202037
c:1600;2;25.06.2007;23857239
c:1600;3;08.04.2008;262199
c:1600;4;08.12.2008;2678525
c:12071;1;01.05.2010;1664652
c:12071;2;07.02.2012;4021731
c:24681;1;11.06.2008;15424295
c:24681;2;17.10.2008;20467580
c:24681;3;04.04.2009;909007
c:24681;4;18.08.2009;2544971
c:24681;5;02.06.2010;731294
c:24681;6;30.01.2012;8931683
c:96;1;29.11.2006;5705980
c:96;2;26.09.2007;21571083
c:96;3;07.11.2008;4922937
c:15509;1;15.01.2008;2000000
c:52378;1;19.03.2010;2700000
c:167;1;19.01.2010;2000000
c:17758;1;06.09.2006;1765479
c:17758;2;18.03.2008;14082929
c:17758;3;10.08.2010;2151592
c:8339;1;17.08.2005;104560984
c:8339;2;30.09.2006;6193809
c:8339;3;29.04.2007;8250093
c:8339;4;11.05.2008;2205320
c:8339;5;02.10.2008;1289794
c:21343;1;09.07.2009;1100000
c:41747;1;01.04.2005;34725015
c:41747;2;09.05.2005;5772584
c:41747;3;23.03.2007;11502401
c:31549;1;29.06.2007;44000000
c:33198;1;05.10.2009;8779068
c:33198;2;01.11.2011;6720932
c:26702;1;13.02.2006;20000000
