contractId;ticketDate
7795-CFOCW;2022-01-18
7795-CFOCW;2023-08-09
7795-CFOCW;2022-01-25
7892-POOKP;2022-02-17
7892-POOKP;2022-05-28
0280-XJGEX;2023-03-13
0280-XJGEX;2023-03-21
0280-XJGEX;2023-03-10
0280-XJGEX;2023-03-24
9959-WOFKT;2021-05-08
9959-WOFKT;2020-01-19
9959-WOFKT;2022-08-24
9959-WOFKT;2022-09-11
6322-HRPFA;2020-07-19
6322-HRPFA;2021-08-15
6322-HRPFA;2022-10-04
6467-CHFZW;2022-12-29
6467-CHFZW;2023-03-25
6467-CHFZW;2022-12-12
6467-CHFZW;2022-11-16
5380-WJKOV;2023-12-15
5380-WJKOV;2023-04-09
5380-WJKOV;2023-05-24
5380-WJKOV;2023-05-23
8168-UQWWF;2023-05-19
8168-UQWWF;2023-01-29
3714-NTNFO;2023-01-29
3714-NTNFO;2020-03-05
3714-NTNFO;2022-11-12
9420-LOJKX;2023-02-15
1658-BYGOY;2023-03-27
8627-ZYGSZ;2021-03-28
8627-ZYGSZ;2023-08-25
8627-ZYGSZ;2020-07-12
4598-XLKNJ;2022-03-13
3192-NQECA;2023-06-02
3192-NQECA;2023-03-10
3192-NQECA;2023-07-24
3192-NQECA;2023-06-28
3192-NQECA;2023-06-04
3192-NQECA;2023-03-03
0486-HECZI;2023-06-01
0486-HECZI;2023-04-15
0486-HECZI;2023-06-21
0486-HECZI;2023-07-13
0486-HECZI;2023-10-12
5299-RULOA;2022-05-28
9445-ZUEQE;2022-06-04
9445-ZUEQE;2023-11-28
6207-WIOLX;2022-05-18
4648-YPBTM;2020-06-23
3445-HXXGF;2021-07-10
3445-HXXGF;2021-05-31
3445-HXXGF;2021-12-27
3445-HXXGF;2021-11-28
3445-HXXGF;2021-08-22
0691-JVSYA;2023-05-24
0691-JVSYA;2023-05-27
0691-JVSYA;2023-06-20
0691-JVSYA;2023-07-31
0691-JVSYA;2023-06-04
1918-ZBFQJ;2022-04-30
7825-ECJRF;2022-03-27
0699-NDKJM;2020-03-30
8937-RDTHP;2022-12-19
7301-ABVAD;2018-06-05
7576-ASEJU;2023-01-24
7576-ASEJU;2022-08-20
3606-TWKGI;2023-09-14
6323-AYBRX;2023-01-29
6323-AYBRX;2023-09-27
4385-GZQXV;2022-08-30
4484-GLZOU;2022-11-30
4484-GLZOU;2022-09-13
4484-GLZOU;2022-10-31
4484-GLZOU;2022-09-10
4484-GLZOU;2022-10-21
9512-UIBFX;2022-06-24
9512-UIBFX;2022-08-28
8181-YHCMF;2021-01-07
3167-SNQPL;2022-12-09
3167-SNQPL;2021-10-05
2321-OMBXY;2022-05-09
2321-OMBXY;2022-05-04
2321-OMBXY;2022-05-23
2840-XANRC;2023-12-30
2840-XANRC;2023-12-30
5020-ZSTTY;2022-05-15
5020-ZSTTY;2022-03-28
5020-ZSTTY;2022-04-08
5020-ZSTTY;2022-06-23
5020-ZSTTY;2022-03-13
4322-RCYMT;2023-05-06
4322-RCYMT;2023-07-23
4322-RCYMT;2023-03-15
4322-RCYMT;2023-01-26
4322-RCYMT;2023-01-13
4322-RCYMT;2023-01-25
6680-NENYN;2023-07-06
6680-NENYN;2023-05-26
6680-NENYN;2023-11-10
6680-NENYN;2023-11-05
1343-EHPYB;2023-07-22
1343-EHPYB;2023-08-15
1343-EHPYB;2023-07-20
1343-EHPYB;2023-07-24
2034-GDRCN;2022-12-05
8966-SNIZF;2021-11-30
0623-IIHUG;2022-01-15
9601-BRXPO;2023-03-23
9601-BRXPO;2023-04-01
0533-BNWKF;2023-04-25
0533-BNWKF;2023-09-06
0533-BNWKF;2023-07-04
0533-BNWKF;2023-08-08
0979-PHULV;2023-07-13
0979-PHULV;2023-05-11
0979-PHULV;2023-03-31
0979-PHULV;2023-01-14
0979-PHULV;2023-07-01
0979-PHULV;2023-01-02
0979-PHULV;2023-05-27
0578-SKVMF;2022-08-03
0578-SKVMF;2022-06-20
0578-SKVMF;2022-10-19
0578-SKVMF;2022-08-21
2937-FTHUR;2023-06-17
7752-XUSCI;2023-03-11
7752-XUSCI;2023-03-11
7752-XUSCI;2023-03-11
7752-XUSCI;2023-03-11
7752-XUSCI;2023-03-11
7752-XUSCI;2023-03-11
7752-XUSCI;2023-03-11
1480-BKXGA;2020-01-14
1480-BKXGA;2023-09-25
1480-BKXGA;2019-03-15
1480-BKXGA;2018-05-04
1480-BKXGA;2018-06-18
1480-BKXGA;2021-03-28
0447-BEMNG;2023-08-24
0447-BEMNG;2023-08-24
0447-BEMNG;2023-08-24
0447-BEMNG;2023-08-24
0447-BEMNG;2023-08-24
5949-XIKAE;2023-09-03
5949-XIKAE;2023-05-12
3649-JPUGY;2022-02-06
3649-JPUGY;2023-02-07
7783-YKGDV;2023-08-17
5609-CEBID;2022-03-23
5609-CEBID;2022-02-04
5609-CEBID;2022-03-10
7218-HKQFK;2023-11-16
9412-GHEEC;2023-01-21
9412-GHEEC;2023-02-07
9412-GHEEC;2022-12-30
9412-GHEEC;2023-02-15
8397-MVTAZ;2022-07-10
8397-MVTAZ;2022-09-01
8397-MVTAZ;2022-06-15
1403-GYAFU;2021-08-30
1403-GYAFU;2022-07-16
1403-GYAFU;2023-01-06
1403-GYAFU;2020-06-17
1403-GYAFU;2020-03-12
1403-GYAFU;2021-11-07
2817-NTQDO;2022-12-08
2817-NTQDO;2022-11-18
6986-IJDHX;2023-01-16
6986-IJDHX;2023-02-19
6986-IJDHX;2023-03-24
4676-MQUEA;2021-02-28
4676-MQUEA;2021-02-17
4676-MQUEA;2022-10-13
4676-MQUEA;2022-03-31
8138-EALND;2023-06-02
1352-HNSAW;2019-01-01
1352-HNSAW;2021-09-04
1352-HNSAW;2019-05-24
1352-HNSAW;2020-03-13
0939-YAPAF;2021-10-28
0939-YAPAF;2022-05-31
0939-YAPAF;2022-04-18
0939-YAPAF;2022-06-02
4710-FDUIZ;2022-12-13
4710-FDUIZ;2022-11-10
4710-FDUIZ;2022-11-03
4710-FDUIZ;2022-10-09
4710-FDUIZ;2022-12-26
0459-SPZHJ;2019-09-08
0459-SPZHJ;2023-02-06
0719-SYFRB;2023-10-27
3419-SNJJD;2022-04-25
3419-SNJJD;2022-01-24
3419-SNJJD;2021-12-29
3419-SNJJD;2022-04-25
3419-SNJJD;2021-12-07
3419-SNJJD;2022-04-08
4554-YGZIH;2023-11-15
4554-YGZIH;2023-10-31
4554-YGZIH;2023-11-02
5099-BAILX;2022-01-16
5099-BAILX;2022-06-10
5099-BAILX;2022-02-08
5099-BAILX;2022-06-22
7207-RMRDB;2022-05-05
7207-RMRDB;2022-07-08
7207-RMRDB;2022-05-19
7207-RMRDB;2022-09-24
7207-RMRDB;2022-05-07
7207-RMRDB;2022-05-18
7954-MLBUN;2022-05-22
4913-EHYUI;2023-05-10
4913-EHYUI;2023-09-21
4913-EHYUI;2023-09-09
4913-EHYUI;2023-07-04
4913-EHYUI;2023-06-10
0970-ETWGE;2024-01-15
1626-ERCMM;2022-11-27
1626-ERCMM;2022-12-11
0823-HSCDJ;2023-04-07
0823-HSCDJ;2023-03-12
0823-HSCDJ;2023-02-13
0823-HSCDJ;2023-04-25
0823-HSCDJ;2023-03-30
2826-UWHIS;2021-06-23
2826-UWHIS;2023-01-20
9620-QJREV;2023-05-15
9620-QJREV;2021-07-27
9620-QJREV;2020-05-28
9620-QJREV;2021-02-16
7133-VBDCG;2023-04-06
7133-VBDCG;2023-03-25
7596-ZYWBB;2021-04-28
7596-ZYWBB;2020-11-29
6952-OMNWB;2023-09-25
6952-OMNWB;2022-02-23
6952-OMNWB;2019-03-23
5244-IRFIH;2022-09-29
5244-IRFIH;2022-02-16
2684-EIWEO;2022-03-24
2684-EIWEO;2022-05-09
2684-EIWEO;2022-03-11
2521-NPUZR;2023-02-10
2521-NPUZR;2019-07-05
2521-NPUZR;2022-10-25
2521-NPUZR;2018-10-19
6683-VLCTZ;2021-12-10
6683-VLCTZ;2022-02-14
6683-VLCTZ;2022-01-25
2189-WWOEW;2023-03-14
1894-IGFSG;2022-10-31
1894-IGFSG;2022-07-10
1894-IGFSG;2022-02-06
0236-HFWSV;2022-11-27
2037-XJFUP;2023-12-17
2037-XJFUP;2023-08-14
2037-XJFUP;2023-06-21
2037-XJFUP;2023-10-24
0285-INHLN;2022-11-02
0691-IFBQW;2022-10-14
0691-IFBQW;2023-01-05
0691-IFBQW;2022-12-25
0691-IFBQW;2022-09-19
3009-JWMPU;2022-07-25
3009-JWMPU;2022-08-26
3009-JWMPU;2022-07-21
3009-JWMPU;2022-07-19
3009-JWMPU;2022-08-13
3009-JWMPU;2022-07-19
1450-GALXR;2022-11-30
1450-GALXR;2023-01-18
4289-DTDKW;2022-10-14
4289-DTDKW;2022-07-21
4289-DTDKW;2022-10-28
4289-DTDKW;2022-08-12
4289-DTDKW;2022-07-29
2239-JALAW;2023-09-10
2239-JALAW;2023-06-15
2239-JALAW;2023-06-20
2239-JALAW;2023-12-16
4853-RULSV;2021-09-26
4853-RULSV;2021-07-10
4853-RULSV;2022-01-12
4853-RULSV;2021-08-09
4853-RULSV;2021-08-05
4853-RULSV;2021-07-24
4853-RULSV;2022-03-03
0115-TFERT;2022-07-21
0115-TFERT;2022-11-20
2311-QYMUQ;2022-06-15
3104-OWCGK;2022-03-21
3104-OWCGK;2022-03-21
3104-OWCGK;2022-03-21
3104-OWCGK;2022-03-21
3104-OWCGK;2022-03-21
3104-OWCGK;2022-03-21
9101-BWFSS;2023-07-03
9101-BWFSS;2023-06-23
9101-BWFSS;2023-06-11
9101-BWFSS;2023-06-24
9101-BWFSS;2023-07-14
4250-WAROZ;2023-04-29
4250-WAROZ;2023-08-13
4250-WAROZ;2024-01-27
0727-BMPLR;2023-06-17
0727-BMPLR;2023-11-20
0727-BMPLR;2023-09-30
0727-BMPLR;2023-10-25
0727-BMPLR;2023-07-21
3027-ZTDHO;2022-07-27
3027-ZTDHO;2022-07-15
2382-BCKQJ;2022-02-17
2382-BCKQJ;2022-01-28
2382-BCKQJ;2022-02-27
2382-BCKQJ;2022-01-26
2382-BCKQJ;2022-01-22
4124-MMETB;2022-11-27
4124-MMETB;2023-03-20
4124-MMETB;2022-10-01
1937-OTUKY;2022-09-27
1937-OTUKY;2022-07-02
1937-OTUKY;2021-08-17
1937-OTUKY;2023-06-02
1937-OTUKY;2020-06-16
1937-OTUKY;2020-08-26
1764-VUUMT;2021-02-14
1764-VUUMT;2022-02-11
1764-VUUMT;2023-01-09
1764-VUUMT;2020-10-06
1764-VUUMT;2022-07-22
1764-VUUMT;2023-05-08
5073-WXOYN;2024-02-26
5073-WXOYN;2024-02-26
5073-WXOYN;2024-02-26
5073-WXOYN;2024-02-26
5073-WXOYN;2024-02-26
5073-WXOYN;2024-02-26
7549-MYGPK;2023-11-15
7549-MYGPK;2023-10-06
7549-MYGPK;2023-11-25
7549-MYGPK;2023-10-04
7549-MYGPK;2023-11-27
7549-MYGPK;2023-11-06
3804-RVTGV;2024-01-27
3804-RVTGV;2024-01-29
3804-RVTGV;2023-12-30
3804-RVTGV;2024-01-23
3804-RVTGV;2024-01-25
7997-EASSD;2019-02-17
7997-EASSD;2023-03-07
4315-MURBD;2023-07-17
4315-MURBD;2023-07-17
2719-BDAQO;2022-03-13
9625-QSTYE;2022-04-29
7028-DVOIQ;2023-10-30
9889-TMAHG;2022-04-25
3158-MOERK;2022-05-10
2834-JRTUA;2022-10-25
2834-JRTUA;2022-05-31
2834-JRTUA;2022-05-19
2834-JRTUA;2023-02-01
2834-JRTUA;2022-06-04
2834-JRTUA;2022-07-26
2834-JRTUA;2023-03-02
2834-JRTUA;2022-11-29
6646-QVXLR;2022-12-10
6646-QVXLR;2022-12-12
6646-QVXLR;2022-11-25
6646-QVXLR;2022-12-07
6646-QVXLR;2022-12-16
6646-QVXLR;2022-11-04
1374-DMZUI;2022-06-08
1374-DMZUI;2022-05-07
8818-XYFCQ;2022-11-25
8818-XYFCQ;2022-09-16
8818-XYFCQ;2022-11-02
4695-VADHF;2022-02-12
4695-VADHF;2022-02-25
9391-TTOYH;2023-09-22
9391-TTOYH;2023-07-01
3422-WJOYD;2022-01-07
3422-WJOYD;2023-06-27
9948-YPTDG;2022-12-02
9948-YPTDG;2022-12-09
9948-YPTDG;2022-12-16
9948-YPTDG;2022-12-28
1236-WFCDV;2023-01-18
1271-SJBGZ;2022-09-24
7013-PSXHK;2023-10-18
5981-ITEMU;2022-08-19
5981-ITEMU;2022-09-21
5981-ITEMU;2022-08-13
5981-ITEMU;2022-09-10
1624-WOIWJ;2022-09-11
0634-SZPQA;2022-04-11
0634-SZPQA;2022-02-24
5536-RTPWK;2022-06-26
5536-RTPWK;2022-06-26
5536-RTPWK;2022-07-15
5536-RTPWK;2022-06-25
0655-RBDUG;2022-08-05
0655-RBDUG;2022-12-18
4361-BKAXE;2024-01-04
4361-BKAXE;2024-01-03
4361-BKAXE;2023-09-18
4361-BKAXE;2024-01-13
4441-NIHPT;2023-03-15
8999-BOHSE;2023-11-07
7029-RPUAV;2023-06-12
9036-CSKBW;2023-05-15
4607-CHPCA;2023-06-25
3312-UUMZW;2022-11-10
3312-UUMZW;2023-07-10
8111-SLLHI;2022-12-27
8111-SLLHI;2022-11-22
8111-SLLHI;2022-12-12
5293-WXJAK;2022-09-06
0831-JNISG;2021-09-26
0831-JNISG;2021-04-25
0831-JNISG;2020-11-07
8844-TONUD;2022-07-23
5334-JLAXU;2019-10-30
5334-JLAXU;2020-03-24
5334-JLAXU;2023-05-24
5334-JLAXU;2020-03-21
5334-JLAXU;2021-08-01
0135-NMXAP;2023-07-29
6270-OMFIW;2022-06-23
6270-OMFIW;2022-06-23
6270-OMFIW;2022-06-23
6270-OMFIW;2022-06-23
6270-OMFIW;2022-06-23
6270-OMFIW;2022-06-23
6270-OMFIW;2022-06-23
0125-LZQXK;2023-02-16
8399-YNDCH;2023-02-01
8399-YNDCH;2023-05-08
0887-WBJVH;2021-06-02
0887-WBJVH;2023-02-18
0887-WBJVH;2023-03-17
4468-KAZHE;2023-11-28
0455-ENTCR;2023-03-16
0455-ENTCR;2020-01-19
3927-NLNRY;2022-06-23
3927-NLNRY;2022-03-15
3927-NLNRY;2022-03-29
3927-NLNRY;2022-03-22
3927-NLNRY;2022-07-27
7979-CORPM;2022-10-25
7979-CORPM;2022-10-25
7979-CORPM;2022-10-25
6581-NQCBA;2022-11-26
8496-DMZUK;2023-02-02
8496-DMZUK;2023-02-25
2226-ICFDO;2023-08-17
2226-ICFDO;2020-05-11
2226-ICFDO;2024-01-27
2226-ICFDO;2020-02-19
4187-CINZD;2022-03-30
4187-CINZD;2022-04-17
4187-CINZD;2021-10-25
4187-CINZD;2022-04-26
4187-CINZD;2022-04-16
4187-CINZD;2021-12-23
6818-WOBHJ;2021-11-22
6818-WOBHJ;2021-10-27
6818-WOBHJ;2022-03-18
6818-WOBHJ;2022-04-26
6818-WOBHJ;2021-10-23
6818-WOBHJ;2021-10-09
6244-BESBM;2019-08-07
6244-BESBM;2019-08-13
6244-BESBM;2021-05-06
6244-BESBM;2022-09-25
6244-BESBM;2022-08-19
2408-TZMJL;2023-08-06
2408-TZMJL;2023-03-31
2408-TZMJL;2022-12-13
2408-TZMJL;2023-02-06
2408-TZMJL;2023-01-17
2408-TZMJL;2022-12-22
9531-NSBMR;2021-07-05
9531-NSBMR;2021-06-07
8711-LOBKY;2019-07-16
9134-CEQMF;2022-10-05
9134-CEQMF;2022-08-09
9795-SHUHB;2018-10-08
9795-SHUHB;2020-11-27
9795-SHUHB;2023-09-05
9795-SHUHB;2020-04-07
9795-SHUHB;2022-03-21
9795-SHUHB;2020-01-21
0201-OAMXR;2022-12-13
0201-OAMXR;2023-02-18
0201-OAMXR;2023-05-07
0201-OAMXR;2023-01-17
0201-OAMXR;2023-03-31
0201-OAMXR;2022-09-11
6393-WRYZE;2023-11-09
6393-WRYZE;2023-05-21
6393-WRYZE;2023-09-29
6599-RCLCJ;2023-04-30
6599-RCLCJ;2023-04-06
6599-RCLCJ;2022-08-02
6599-RCLCJ;2022-09-28
9831-BPFRI;2023-05-29
4791-QRGMF;2023-03-13
4791-QRGMF;2022-10-16
4791-QRGMF;2022-07-13
4791-QRGMF;2022-12-08
4791-QRGMF;2022-06-28
3910-MRQOY;2020-12-06
3838-OZURD;2022-06-07
3838-OZURD;2022-07-23
3838-OZURD;2022-08-27
3838-OZURD;2022-06-11
3838-OZURD;2022-03-14
3838-OZURD;2022-03-28
2845-HSJCY;2022-08-01
2845-HSJCY;2022-08-18
7721-JXEAW;2021-09-28
7721-JXEAW;2022-06-02
7721-JXEAW;2021-12-28
7721-JXEAW;2021-07-28
7684-XSZIY;2019-03-13
7684-XSZIY;2022-06-23
7684-XSZIY;2020-09-08
7684-XSZIY;2021-03-18
7684-XSZIY;2021-07-11
8621-MNIHH;2022-02-02
8621-MNIHH;2022-10-23
0471-LVHGK;2023-04-07
0471-LVHGK;2023-01-19
0471-LVHGK;2023-01-23
0471-LVHGK;2023-04-08
9518-RWHZL;2023-06-27
9518-RWHZL;2023-06-08
9518-RWHZL;2023-04-17
9518-RWHZL;2023-06-19
9518-RWHZL;2023-04-10
9518-RWHZL;2023-06-27
9518-RWHZL;2023-04-16
9518-RWHZL;2023-03-30
5977-CKHON;2022-02-22
5977-CKHON;2021-09-08
7861-UVUFT;2022-04-21
7861-UVUFT;2022-06-22
7861-UVUFT;2022-04-28
1571-SAVHK;2022-06-14
3253-HKOKL;2022-03-18
3253-HKOKL;2021-02-09
3253-HKOKL;2022-04-01
3253-HKOKL;2021-04-20
6890-PFRQX;2023-08-29
1621-YNCJH;2022-11-24
1621-YNCJH;2022-07-02
3473-XIIIT;2023-07-27
3473-XIIIT;2023-05-28
2952-QAYZF;2022-02-14
5394-SVGJV;2023-06-20
7079-QRCBC;2024-02-22
7079-QRCBC;2024-02-22
7079-QRCBC;2024-02-22
9495-SKLKD;2024-01-15
9495-SKLKD;2023-07-19
9495-SKLKD;2023-09-21
5469-CTCWN;2022-03-01
5469-CTCWN;2022-03-13
5469-CTCWN;2022-03-16
5469-CTCWN;2022-03-15
5469-CTCWN;2022-03-04
5469-CTCWN;2022-03-11
9851-QXEEQ;2023-01-07
9851-QXEEQ;2023-01-12
9851-QXEEQ;2023-04-29
9851-QXEEQ;2023-05-05
9809-IMGCQ;2021-11-23
9809-IMGCQ;2022-01-06
3254-YRILK;2022-10-26
4472-VESGY;2020-08-06
5766-XQXMQ;2023-06-22
5766-XQXMQ;2023-06-14
5766-XQXMQ;2023-08-14
2886-KEFUM;2023-10-15
2886-KEFUM;2023-10-09
2886-KEFUM;2023-10-08
2886-KEFUM;2023-10-31
2886-KEFUM;2023-09-04
2886-KEFUM;2023-08-20
9651-GTSAQ;2022-10-19
9651-GTSAQ;2022-09-01
9651-GTSAQ;2022-12-12
9651-GTSAQ;2022-09-19
9651-GTSAQ;2022-11-09
0637-YLETY;2023-08-19
2660-EMUBI;2023-02-17
2003-CKLOR;2023-07-20
2003-CKLOR;2023-11-24
2003-CKLOR;2023-11-12
2003-CKLOR;2023-08-25
2003-CKLOR;2023-10-04
2003-CKLOR;2023-09-02
2003-CKLOR;2023-12-29
2003-CKLOR;2023-07-26
9254-RBFON;2023-01-30
5127-BZENZ;2022-04-02
5127-BZENZ;2020-04-30
6032-KRXXO;2022-12-07
6032-KRXXO;2022-08-25
6032-KRXXO;2022-08-23
7459-RRWQZ;2022-08-10
4154-AQUGT;2024-01-13
3584-WKTTW;2022-06-23
3584-WKTTW;2021-02-22
3584-WKTTW;2020-03-30
3584-WKTTW;2020-11-17
3092-IGHWF;2023-09-01
3092-IGHWF;2023-06-26
3092-IGHWF;2023-10-19
3092-IGHWF;2023-06-23
3092-IGHWF;2023-05-22
3092-IGHWF;2023-05-19
6518-PPLMZ;2022-12-23
6518-PPLMZ;2021-03-23
6518-PPLMZ;2023-07-05
8017-LXHFA;2022-04-12
8017-LXHFA;2021-12-27
6035-RIIOM;2023-04-03
6035-RIIOM;2022-06-17
6035-RIIOM;2023-12-15
2929-QNSRW;2022-11-28
2929-QNSRW;2022-10-16
2929-QNSRW;2023-01-24
2929-QNSRW;2022-12-28
2929-QNSRW;2022-10-01
3533-UVMOM;2023-03-30
3533-UVMOM;2019-05-23
3533-UVMOM;2019-08-30
3533-UVMOM;2022-11-11
3533-UVMOM;2022-05-28
3533-UVMOM;2021-07-03
4248-QPAVC;2022-03-26
1899-VXWXM;2022-07-26
1899-VXWXM;2022-07-26
1899-VXWXM;2022-07-26
1899-VXWXM;2022-07-26
1498-DQNRX;2022-02-06
1498-DQNRX;2022-12-06
3331-HQDTW;2021-08-09
3331-HQDTW;2022-04-04
3331-HQDTW;2022-01-13
1228-FZFRV;2023-08-17
1228-FZFRV;2023-08-25
1228-FZFRV;2023-08-24
1228-FZFRV;2023-08-02
1228-FZFRV;2023-09-01
5364-XYIRR;2022-06-26
5364-XYIRR;2022-04-26
5364-XYIRR;2022-05-07
5364-XYIRR;2022-05-27
4829-AUOAX;2023-04-14
4829-AUOAX;2023-07-22
4829-AUOAX;2023-04-29
4829-AUOAX;2023-03-07
9158-VCTQB;2023-10-07
9158-VCTQB;2023-10-23
9158-VCTQB;2023-09-29
9158-VCTQB;2023-08-16
9158-VCTQB;2023-10-12
9158-VCTQB;2023-09-14
2808-CHTDM;2023-08-15
8917-SZTTJ;2020-02-22
8917-SZTTJ;2021-03-01
8917-SZTTJ;2020-12-08
6097-EQISJ;2022-11-04
6097-EQISJ;2022-11-09
6097-EQISJ;2022-12-04
6097-EQISJ;2022-09-29
6097-EQISJ;2022-09-19
6097-EQISJ;2022-09-22
4423-YLHDV;2022-05-27
4423-YLHDV;2021-12-19
0107-YHINA;2024-02-14
9705-IOVQQ;2022-03-08
9705-IOVQQ;2019-04-02
9705-IOVQQ;2021-07-25
9705-IOVQQ;2020-09-05
9705-IOVQQ;2023-11-17
1803-BGNBD;2024-02-29
6950-TWMYB;2023-10-17
6950-TWMYB;2020-11-29
5356-KZCKT;2023-01-18
5356-KZCKT;2020-01-27
5356-KZCKT;2021-03-26
3055-VTCGS;2020-09-16
3144-KMTWZ;2019-03-05
3144-KMTWZ;2022-05-06
3144-KMTWZ;2022-06-05
3144-KMTWZ;2023-05-04
3144-KMTWZ;2018-11-27
7279-BUYWN;2023-10-14
7279-BUYWN;2023-10-16
7279-BUYWN;2023-10-26
7530-HDYDS;2023-07-13
7530-HDYDS;2023-08-29
7530-HDYDS;2023-07-29
5922-ABDVO;2022-10-18
9172-ANCRX;2023-02-22
4450-MDZFX;2023-10-04
6701-DHKWQ;2024-01-04
6701-DHKWQ;2020-04-16
6701-DHKWQ;2020-05-23
6701-DHKWQ;2023-06-11
6701-DHKWQ;2021-07-25
3132-TVFDZ;2021-12-09
3132-TVFDZ;2021-12-05
3132-TVFDZ;2021-09-19
3132-TVFDZ;2022-02-25
6365-MTGZX;2022-07-16
6365-MTGZX;2022-07-16
6990-YNRIO;2023-10-15
6990-YNRIO;2023-09-23
6990-YNRIO;2023-12-18
6990-YNRIO;2023-11-27
6990-YNRIO;2023-12-20
6990-YNRIO;2024-01-21
4510-PYUSH;2022-11-20
4510-PYUSH;2022-12-23
4510-PYUSH;2022-12-09
4143-HHPMK;2022-10-12
4143-HHPMK;2022-07-11
4143-HHPMK;2022-10-23
4143-HHPMK;2022-07-11
4143-HHPMK;2022-07-10
7940-UQQUG;2021-07-14
7940-UQQUG;2020-11-06
7010-BRBUU;2020-02-21
7010-BRBUU;2023-10-10
7010-BRBUU;2022-12-01
7010-BRBUU;2021-01-23
7010-BRBUU;2022-01-27
7010-BRBUU;2023-12-18
3946-JEWRQ;2022-06-30
3946-JEWRQ;2021-12-04
3946-JEWRQ;2023-06-05
3946-JEWRQ;2021-10-15
8840-DQLGN;2022-05-08
8840-DQLGN;2022-01-12
8840-DQLGN;2021-11-20
7217-JYHOQ;2023-05-27
7459-IMVYU;2022-05-05
7459-IMVYU;2022-07-12
3143-ILDAL;2022-12-17
3143-ILDAL;2023-04-21
3143-ILDAL;2023-03-20
3143-ILDAL;2023-06-23
3143-ILDAL;2023-03-28
4720-VSTSI;2023-07-23
4720-VSTSI;2023-11-08
4720-VSTSI;2023-07-09
4720-VSTSI;2024-01-04
7696-CFTAT;2021-05-05
7696-CFTAT;2022-07-03
6651-AZVTJ;2022-09-11
6651-AZVTJ;2022-08-30
4566-GOLUK;2023-10-15
4566-GOLUK;2023-05-21
4566-GOLUK;2023-08-20
4566-GOLUK;2023-10-23
4566-GOLUK;2024-02-08
8229-BUJHX;2021-08-09
8229-BUJHX;2020-11-29
8229-BUJHX;2022-11-10
8229-BUJHX;2020-05-09
9614-RMGHA;2022-08-16
9614-RMGHA;2022-08-23
9614-RMGHA;2022-07-23
9614-RMGHA;2022-08-11
9614-RMGHA;2022-06-23
9614-RMGHA;2022-05-05
9614-RMGHA;2022-06-11
9614-RMGHA;2022-07-09
2430-RRYUW;2019-11-04
2430-RRYUW;2020-02-21
2430-RRYUW;2021-12-17
2430-RRYUW;2023-06-23
0565-IYCGT;2022-11-02
0565-IYCGT;2023-01-12
0565-IYCGT;2023-03-23
0565-IYCGT;2023-02-11
0565-IYCGT;2023-05-11
5110-CHOPY;2021-10-15
5110-CHOPY;2020-11-01
4703-MQYKT;2023-03-05
9497-QCMMS;2023-12-06
0348-SDKOL;2023-09-03
0348-SDKOL;2023-07-31
0348-SDKOL;2023-07-14
0348-SDKOL;2023-07-23
0348-SDKOL;2023-07-28
0348-SDKOL;2023-05-11
4373-MAVJG;2022-11-28
3424-NMNBO;2022-07-31
3424-NMNBO;2023-03-06
3424-NMNBO;2022-06-29
3424-NMNBO;2022-11-21
3424-NMNBO;2022-10-10
3424-NMNBO;2023-01-03
1447-PJGGA;2022-10-06
1447-PJGGA;2022-03-30
1447-PJGGA;2022-12-04
1447-PJGGA;2022-06-13
1447-PJGGA;2022-05-29
8565-CLBZW;2023-08-03
8565-CLBZW;2023-08-03
8565-CLBZW;2023-08-03
9139-WQQDY;2022-04-17
9139-WQQDY;2022-04-25
9139-WQQDY;2022-05-08
9139-WQQDY;2022-05-16
6845-RGTYS;2023-05-29
6845-RGTYS;2023-03-11
6845-RGTYS;2023-02-28
6845-RGTYS;2022-11-24
6845-RGTYS;2023-02-08
6845-RGTYS;2022-11-17
7694-VLBWQ;2022-04-06
7694-VLBWQ;2022-05-27
7694-VLBWQ;2022-10-02
7694-VLBWQ;2022-09-09
7694-VLBWQ;2022-10-28
7694-VLBWQ;2022-06-21
6481-OGDOO;2022-08-01
6481-OGDOO;2022-08-23
6481-OGDOO;2022-10-23
6481-OGDOO;2022-09-04
6481-OGDOO;2022-06-12
6481-OGDOO;2022-09-19
6481-OGDOO;2022-09-12
3753-TSEMP;2022-06-27
9172-JITSM;2023-02-23
9172-JITSM;2023-02-16
6298-QDFNH;2023-03-11
7519-JTWQH;2022-03-12
7519-JTWQH;2019-09-09
7519-JTWQH;2022-08-27
7519-JTWQH;2020-11-15
9961-JBNMK;2022-02-01
9961-JBNMK;2021-09-21
2038-LLMLM;2021-02-04
2038-LLMLM;2021-02-13
2038-LLMLM;2021-05-12
2038-LLMLM;2021-06-15
6173-ITPWD;2022-03-08
6173-ITPWD;2022-03-28
6173-ITPWD;2022-04-12
6173-ITPWD;2022-05-13
2189-UXTKY;2022-07-26
2189-UXTKY;2022-03-27
2189-UXTKY;2022-02-09
7483-IQWIB;2021-12-30
7483-IQWIB;2023-01-21
8624-GIOUT;2022-04-24
8624-GIOUT;2022-04-04
8624-GIOUT;2022-04-18
8624-GIOUT;2022-04-17
8624-GIOUT;2022-04-05
6179-GJPSO;2023-05-18
6179-GJPSO;2023-05-17
6179-GJPSO;2023-05-14
6179-GJPSO;2023-04-17
8290-YWKHZ;2022-07-19
8290-YWKHZ;2022-12-17
8290-YWKHZ;2022-09-03
3806-DXQOM;2022-08-14
8957-THMOA;2022-11-14
8957-THMOA;2022-04-17
8957-THMOA;2023-08-21
1057-FOGLZ;2022-09-30
2153-MREFK;2023-02-01
2153-MREFK;2023-01-21
2153-MREFK;2023-02-06
2153-MREFK;2023-01-26
5793-YOLJN;2023-09-28
5793-YOLJN;2022-02-03
5793-YOLJN;2021-10-17
5793-YOLJN;2020-12-22
5793-YOLJN;2021-10-26
8035-BUYVG;2023-11-19
8035-BUYVG;2023-08-25
8035-BUYVG;2023-08-28
8035-BUYVG;2023-10-30
8035-BUYVG;2023-10-25
8945-MUQUF;2023-04-05
8945-MUQUF;2023-04-03
8945-MUQUF;2023-04-24
8945-MUQUF;2023-06-03
4021-RQSNY;2023-07-11
4021-RQSNY;2023-08-13
4021-RQSNY;2023-07-25
4021-RQSNY;2023-11-30
2931-VUVJN;2023-02-16
2931-VUVJN;2020-05-11
2931-VUVJN;2019-06-01
2931-VUVJN;2020-07-29
2931-VUVJN;2019-12-22
6418-PIQSP;2023-06-17
6418-PIQSP;2023-11-03
3689-MOZGR;2022-03-26
3689-MOZGR;2021-12-10
3988-RQIXO;2023-04-30
7622-FWGEW;2023-09-06
7622-FWGEW;2019-11-18
7622-FWGEW;2020-11-22
7622-FWGEW;2022-05-26
7622-FWGEW;2023-10-04
2659-VXMWZ;2023-09-24
2659-VXMWZ;2023-07-02
2659-VXMWZ;2023-09-08
2659-VXMWZ;2023-12-17
2659-VXMWZ;2023-08-27
2659-VXMWZ;2023-10-11
2659-VXMWZ;2023-11-29
3207-OYBWH;2022-08-24
3207-OYBWH;2023-01-20
3207-OYBWH;2022-11-13
3207-OYBWH;2022-09-27
3207-OYBWH;2022-08-30
3207-OYBWH;2022-10-30
4285-GYRQC;2023-09-26
8337-MSSXB;2023-09-05
8182-BJDSI;2022-02-17
8182-BJDSI;2022-03-09
3298-QEICA;2023-10-15
8097-VBQTZ;2021-02-01
8097-VBQTZ;2021-08-26
8097-VBQTZ;2021-07-30
8097-VBQTZ;2023-02-02
8069-RHUXK;2022-07-20
8069-RHUXK;2022-06-04
8069-RHUXK;2020-01-04
3398-GCPMU;2023-04-22
2908-WGAXL;2024-02-12
2908-WGAXL;2020-12-25
0866-QLSIR;2023-04-10
0866-QLSIR;2023-01-27
0866-QLSIR;2023-06-22
0866-QLSIR;2023-03-02
0866-QLSIR;2023-08-12
5732-IKGQH;2024-01-11
5732-IKGQH;2022-10-07
5732-IKGQH;2021-10-07
5732-IKGQH;2020-04-12
0320-JDNQG;2023-12-01
0320-JDNQG;2023-08-17
0320-JDNQG;2023-10-10
0320-JDNQG;2023-07-03
3571-RFHAR;2023-08-05
3571-RFHAR;2023-10-29
3571-RFHAR;2023-10-16
3571-RFHAR;2023-11-02
3571-RFHAR;2023-09-02
3571-RFHAR;2023-07-17
9578-VRMNM;2022-10-19
9578-VRMNM;2022-10-20
1587-FKLZB;2022-11-03
1587-FKLZB;2022-11-03
1587-FKLZB;2022-09-09
1587-FKLZB;2022-12-19
1587-FKLZB;2022-10-02
4307-KTUMW;2022-10-03
4307-KTUMW;2022-10-10
4307-KTUMW;2022-11-26
4307-KTUMW;2022-11-04
4307-KTUMW;2023-01-24
5440-FLBQG;2023-11-24
5440-FLBQG;2023-05-24
5440-FLBQG;2023-08-17
5440-FLBQG;2023-08-17
5440-FLBQG;2023-08-03
5440-FLBQG;2023-10-23
5440-FLBQG;2023-09-01
7470-MCQTK;2023-07-05
2027-FECZV;2022-09-22
2027-FECZV;2022-09-22
3870-MQAMG;2023-04-24
3870-MQAMG;2022-12-17
3870-MQAMG;2022-11-25
3870-MQAMG;2022-12-15
3870-MQAMG;2023-03-06
4800-CZMPC;2023-01-28
4800-CZMPC;2023-01-28
4800-CZMPC;2023-01-28
8949-JTMAY;2023-04-27
8949-JTMAY;2023-04-26
0869-PAPRP;2023-09-05
4612-THJBS;2022-03-04
4612-THJBS;2021-12-04
4612-THJBS;2022-04-02
4612-THJBS;2021-10-17
4612-THJBS;2021-11-22
4612-THJBS;2021-12-07
4277-BWBML;2018-11-15
4277-BWBML;2023-07-18
4277-BWBML;2019-09-27
4277-BWBML;2021-09-04
4094-NSEDU;2022-04-28
4094-NSEDU;2022-02-25
3450-WXOAT;2022-08-09
3450-WXOAT;2022-08-31
6650-BWFRT;2023-09-04
6650-BWFRT;2019-10-30
6650-BWFRT;2018-09-03
6650-BWFRT;2019-06-05
6650-BWFRT;2024-01-08
6650-BWFRT;2022-01-20
3757-NJYBX;2022-12-27
3757-NJYBX;2023-01-08
3757-NJYBX;2023-03-29
3787-TRIAL;2022-06-23
5136-KCKGI;2023-05-05
5136-KCKGI;2023-08-25
5136-KCKGI;2023-01-23
5197-PYEPU;2021-07-29
5197-PYEPU;2021-12-02
5197-PYEPU;2022-03-18
5197-PYEPU;2023-03-01
2929-ERCFZ;2023-03-12
9898-KZQDZ;2023-01-14
9898-KZQDZ;2023-01-10
9898-KZQDZ;2022-10-28
9898-KZQDZ;2022-12-26
9898-KZQDZ;2022-10-29
9898-KZQDZ;2022-10-09
5236-PERKL;2023-08-15
5236-PERKL;2023-08-26
5236-PERKL;2023-08-18
5236-PERKL;2023-04-09
5236-PERKL;2023-06-13
2519-FAKOD;2022-07-18
2519-FAKOD;2022-08-13
2519-FAKOD;2022-08-09
2519-FAKOD;2022-07-03
1254-IZEYF;2023-02-01
9492-TOKRI;2023-08-24
9221-OTIVJ;2023-02-18
3325-FUYCG;2022-09-30
3325-FUYCG;2022-08-22
1323-OOEPC;2022-08-13
1323-OOEPC;2022-09-08
1323-OOEPC;2022-06-19
1323-OOEPC;2022-04-24
1323-OOEPC;2022-05-31
1323-OOEPC;2022-07-25
0397-GZBBC;2023-04-03
0397-GZBBC;2023-03-11
0397-GZBBC;2022-09-17
0397-GZBBC;2023-05-09
6614-YWYSC;2021-03-01
7641-EUYET;2022-05-04
7641-EUYET;2022-06-24
7641-EUYET;2022-03-16
7641-EUYET;2021-11-21
7641-EUYET;2022-05-24
9921-ZVRHG;2022-11-12
6620-HVDUJ;2023-09-23
7641-TQFHN;2021-06-05
7641-TQFHN;2022-06-03
7641-TQFHN;2022-04-29
9668-PUGNU;2020-01-05
9668-PUGNU;2023-06-05
9668-PUGNU;2019-01-15
9668-PUGNU;2018-10-28
9668-PUGNU;2021-06-25
9668-PUGNU;2020-12-01
9565-AXSMR;2019-11-24
8922-LIEGH;2023-06-23
8922-LIEGH;2023-07-01
0022-TCJCI;2023-01-01
0022-TCJCI;2023-06-02
0022-TCJCI;2023-06-08
0022-TCJCI;2022-12-12
0022-TCJCI;2023-02-03
5397-NSKQG;2020-09-16
5397-NSKQG;2019-08-06
5397-NSKQG;2019-05-30
5397-NSKQG;2020-10-15
8178-EYZUO;2021-10-28
8178-EYZUO;2021-09-20
5130-IEKQT;2023-03-21
5130-IEKQT;2023-03-16
5130-IEKQT;2023-03-22
3230-WYKIR;2022-08-02
0407-BDJKB;2023-01-19
0407-BDJKB;2023-01-19
0407-BDJKB;2023-01-19
0407-BDJKB;2023-01-19
0407-BDJKB;2023-01-19
9600-UDOPK;2023-04-02
9600-UDOPK;2023-03-17
9600-UDOPK;2022-11-28
8216-AZUUZ;2022-09-19
8216-AZUUZ;2021-01-18
8216-AZUUZ;2021-08-01
3269-ATYWD;2023-06-12
0354-WYROK;2022-12-18
0354-WYROK;2023-02-17
0354-WYROK;2023-01-11
0354-WYROK;2022-08-24
0354-WYROK;2022-11-30
3969-JQABI;2022-05-24
3969-JQABI;2021-06-25
3969-JQABI;2022-05-10
5945-AZYHT;2022-12-17
5945-AZYHT;2019-05-09
5945-AZYHT;2018-05-10
4446-BZKHU;2022-10-15
4446-BZKHU;2022-10-08
4446-BZKHU;2022-09-21
4446-BZKHU;2022-09-24
4446-BZKHU;2022-10-18
4446-BZKHU;2022-09-23
3351-NQLDI;2022-01-27
3351-NQLDI;2022-07-22
3351-NQLDI;2022-05-31
3351-NQLDI;2022-02-23
3351-NQLDI;2022-04-14
3351-NQLDI;2022-03-30
3351-NQLDI;2022-02-13
3351-NQLDI;2022-04-15
3336-JORSO;2023-07-28
3336-JORSO;2023-05-24
3336-JORSO;2023-06-01
5315-CKEQK;2023-11-18
5315-CKEQK;2022-09-25
6769-DCQLI;2021-12-05
6769-DCQLI;2022-03-10
6769-DCQLI;2022-02-01
6769-DCQLI;2022-02-09
6769-DCQLI;2022-01-31
6769-DCQLI;2021-11-17
2195-ZRVAX;2023-07-03
2195-ZRVAX;2023-06-19
2195-ZRVAX;2023-10-30
3550-SAHFP;2023-06-08
3550-SAHFP;2023-01-21
2011-TRQYE;2022-05-31
2011-TRQYE;2022-02-25
2011-TRQYE;2022-01-30
5893-PYOLZ;2023-02-12
5893-PYOLZ;2019-10-14
5893-PYOLZ;2022-03-16
5893-PYOLZ;2023-01-29
4873-ILOLJ;2023-02-10
4873-ILOLJ;2023-02-10
9565-DJPIB;2023-04-01
9565-DJPIB;2023-01-26
5140-FOMCQ;2021-09-28
4659-NZRUF;2023-08-29
8429-XIBUM;2023-07-17
8429-XIBUM;2022-10-04
8510-AWCXC;2023-12-23
0431-APWVY;2022-04-18
0431-APWVY;2022-04-07
6100-QQHEB;2023-08-12
4404-HIBDJ;2024-02-19
4404-HIBDJ;2024-02-17
7295-JOMMD;2022-03-23
5013-SBUIH;2022-12-31
5013-SBUIH;2023-02-12
5013-SBUIH;2023-01-16
5013-SBUIH;2023-01-23
5013-SBUIH;2022-12-29
7209-JCUDS;2023-03-22
7209-JCUDS;2023-01-30
7209-JCUDS;2022-12-20
3001-CBHLQ;2022-03-15
3001-CBHLQ;2022-06-05
3001-CBHLQ;2022-04-11
1985-MBRYP;2022-09-25
1985-MBRYP;2023-07-14
3763-GCZHZ;2022-09-19
3763-GCZHZ;2022-05-06
3763-GCZHZ;2022-07-31
3763-GCZHZ;2022-04-11
3763-GCZHZ;2022-07-02
7599-NTMDP;2021-10-12
7599-NTMDP;2021-02-27
7599-NTMDP;2021-03-02
7599-NTMDP;2022-09-26
4831-EOBFE;2023-08-12
4831-EOBFE;2023-07-17
9170-GYZJC;2022-10-02
9170-GYZJC;2022-06-17
9170-GYZJC;2022-07-14
9170-GYZJC;2022-10-18
9170-GYZJC;2022-08-10
2454-RPBRZ;2023-02-04
2265-CYWIV;2023-05-29
0148-DCDOS;2022-12-24
0148-DCDOS;2022-12-13
0310-MVLET;2024-02-02
0310-MVLET;2024-02-03
0310-MVLET;2024-02-06
0310-MVLET;2024-01-26
0310-MVLET;2024-01-19
0310-MVLET;2024-01-25
0310-MVLET;2024-01-21
0310-MVLET;2024-01-28
4550-VBOFE;2022-12-18
4550-VBOFE;2023-04-11
4550-VBOFE;2023-04-12
4550-VBOFE;2023-04-23
4550-VBOFE;2023-09-22
4550-VBOFE;2022-12-24
4550-VBOFE;2023-07-11
9830-ECLEN;2019-09-20
9830-ECLEN;2020-06-22
9830-ECLEN;2023-10-13
9830-ECLEN;2022-10-02
7854-EDSSA;2022-02-16
7854-EDSSA;2022-05-23
8869-TORSS;2023-10-12
8869-TORSS;2023-10-12
8869-TORSS;2023-10-12
8869-TORSS;2023-10-12
4692-NNQRU;2023-06-18
0611-DFXKO;2023-08-14
0611-DFXKO;2023-03-29
7780-OTDSO;2023-03-09
7780-OTDSO;2023-02-15
3348-CFRNX;2022-08-14
3348-CFRNX;2022-07-15
5312-IRCFR;2023-07-17
5312-IRCFR;2019-03-29
5312-IRCFR;2020-06-03
5312-IRCFR;2024-02-25
8802-UNOJF;2022-08-18
8802-UNOJF;2022-08-18
6313-GIDIT;2023-07-21
6313-GIDIT;2023-09-29
6313-GIDIT;2023-08-27
2845-AFFTX;2023-06-09
2845-AFFTX;2023-01-24
2845-AFFTX;2023-03-17
2249-YPRNG;2022-03-21
2249-YPRNG;2022-05-04
7587-AOVVU;2022-03-05
7587-AOVVU;2022-08-28
5590-BYNII;2022-05-11
0596-BQCEQ;2023-02-02
0596-BQCEQ;2023-02-01
0596-BQCEQ;2023-02-04
0596-BQCEQ;2023-02-23
0596-BQCEQ;2022-12-29
0596-BQCEQ;2022-12-30
1481-ZUWZA;2022-07-24
1481-ZUWZA;2022-08-06
4830-FAXFM;2023-06-04
1303-SRDOK;2022-07-30
1303-SRDOK;2020-06-21
1303-SRDOK;2022-01-22
6295-OSINB;2023-05-13
6295-OSINB;2019-03-10
6295-OSINB;2019-07-23
6295-OSINB;2019-12-29
6295-OSINB;2024-01-04
1891-FZYSA;2022-07-06
1891-FZYSA;2022-05-20
1891-FZYSA;2022-08-04
1891-FZYSA;2022-08-23
1891-FZYSA;2022-08-24
1891-FZYSA;2022-01-19
2640-PMGFL;2023-11-28
7317-GGVPB;2023-03-22
7317-GGVPB;2023-04-08
7317-GGVPB;2023-03-21
7317-GGVPB;2023-08-01
7317-GGVPB;2023-06-23
7317-GGVPB;2023-08-09
7317-GGVPB;2023-11-02
1322-AGOQM;2022-03-06
1550-LOAHA;2021-12-29
1550-LOAHA;2022-02-22
1550-LOAHA;2022-04-30
1550-LOAHA;2022-01-05
1550-LOAHA;2022-03-12
8118-LSUEL;2023-07-21
7005-CCBKV;2022-08-15
2141-RRYGO;2023-02-23
5052-PNLOS;2023-08-06
1898-JSNDC;2021-04-15
4248-HCETZ;2023-01-17
4248-HCETZ;2023-03-27
4248-HCETZ;2023-05-24
7271-AJDTL;2021-06-29
7271-AJDTL;2023-08-18
7271-AJDTL;2023-10-10
4429-WYGFR;2022-02-23
5056-FIMPT;2023-04-28
5056-FIMPT;2022-08-02
8809-RIHDD;2023-09-19
8809-RIHDD;2023-09-19
8809-RIHDD;2023-09-19
8809-RIHDD;2023-09-19
8809-RIHDD;2023-09-19
8809-RIHDD;2023-09-19
8809-RIHDD;2023-09-19
4822-NGOCH;2023-08-19
4803-AXVYP;2023-10-14
4803-AXVYP;2023-10-25
9099-FTUHS;2022-07-31
4893-GYUJU;2021-08-30
4893-GYUJU;2021-03-27
8393-DLHGA;2022-08-27
8393-DLHGA;2022-08-07
2834-SPCJV;2022-08-16
2834-SPCJV;2022-10-15
2834-SPCJV;2022-07-15
6397-JNZZG;2022-07-24
6397-JNZZG;2022-09-29
6397-JNZZG;2022-09-13
6397-JNZZG;2022-06-04
3523-QRQLL;2022-02-08
3523-QRQLL;2021-11-15
0895-DQHEW;2022-02-06
0895-DQHEW;2022-02-08
0895-DQHEW;2022-04-10
0895-DQHEW;2022-03-16
7850-THJMU;2023-11-30
7850-THJMU;2022-11-18
8849-GYOKR;2021-11-14
8849-GYOKR;2022-04-07
8849-GYOKR;2022-03-10
0461-CVKMU;2023-04-11
0461-CVKMU;2023-03-21
0461-CVKMU;2023-06-20
9710-ZUSHQ;2023-12-29
9710-ZUSHQ;2024-01-07
9710-ZUSHQ;2023-12-15
9710-ZUSHQ;2023-12-26
8123-QBNAZ;2021-08-03
5498-TXHLF;2023-02-17
5498-TXHLF;2023-04-24
5498-TXHLF;2023-05-15
5498-TXHLF;2023-05-18
3902-FOIGH;2022-07-30
7112-OPOTK;2022-11-17
7112-OPOTK;2022-09-12
7112-OPOTK;2022-04-18
3318-OSATS;2021-08-25
3318-OSATS;2021-09-08
3318-OSATS;2021-09-14
3318-OSATS;2021-10-01
3318-OSATS;2021-11-08
5828-AVIPD;2023-04-11
7774-OJSXI;2023-02-27
7774-OJSXI;2023-06-18
7657-DYEPJ;2023-11-05
7657-DYEPJ;2023-11-22
8276-MQBYC;2023-09-11
8276-MQBYC;2023-06-22
8276-MQBYC;2023-08-23
8276-MQBYC;2023-06-27
0337-CNPZE;2023-07-29
0337-CNPZE;2023-09-03
1513-XNPPH;2022-06-24
1513-XNPPH;2022-06-24
0897-FEGMU;2022-06-25
8871-JLMHM;2021-01-10
8871-JLMHM;2019-05-03
8871-JLMHM;2022-03-20
8871-JLMHM;2021-02-28
8871-JLMHM;2019-10-27
0689-NKYLF;2022-11-04
3658-KIBGF;2023-01-08
5519-YLDGW;2023-06-28
5519-YLDGW;2023-06-07
7526-BEZQB;2023-10-01
8498-XXGWA;2022-12-31
8498-XXGWA;2024-01-10
8498-XXGWA;2019-05-05
8498-XXGWA;2023-10-18
4806-DXQCE;2023-03-14
4806-DXQCE;2019-09-27
4806-DXQCE;2022-05-20
7056-IMHCC;2022-12-18
7056-IMHCC;2022-10-06
7056-IMHCC;2022-09-18
8749-JMNKX;2022-07-22
8749-JMNKX;2022-07-20
8749-JMNKX;2022-08-05
8749-JMNKX;2022-07-12
8749-JMNKX;2022-06-18
2430-USGXP;2023-03-29
2430-USGXP;2023-03-29
2430-USGXP;2023-03-29
5955-ERIHD;2023-01-12
5955-ERIHD;2022-08-25
0917-EZOLA;2023-02-20
0917-EZOLA;2023-02-20
0917-EZOLA;2023-02-20
0917-EZOLA;2023-02-20
0917-EZOLA;2023-02-20
0917-EZOLA;2023-02-20
0917-EZOLA;2023-02-20
0311-UNPFF;2022-04-14
0311-UNPFF;2022-04-19
0311-UNPFF;2022-03-04
0311-UNPFF;2022-04-04
7599-FKVXZ;2022-10-01
7599-FKVXZ;2022-11-18
7599-FKVXZ;2022-09-17
7599-FKVXZ;2022-08-24
0748-RDGGM;2022-08-12
0748-RDGGM;2022-09-27
0748-RDGGM;2023-04-07
0748-RDGGM;2022-12-09
0748-RDGGM;2023-03-20
5889-JTMUL;2023-06-18
5889-JTMUL;2023-06-07
5889-JTMUL;2023-07-15
5889-JTMUL;2023-05-26
9474-PHLYD;2023-12-28
2165-VOEGB;2023-09-10
2165-VOEGB;2023-02-25
2165-VOEGB;2023-04-18
2165-VOEGB;2023-04-06
8914-RBTSB;2023-08-05
8914-RBTSB;2023-12-08
8914-RBTSB;2024-01-23
0963-ZBDRN;2023-06-03
0963-ZBDRN;2023-05-17
0963-ZBDRN;2023-04-29
2045-BMBTJ;2022-07-29
2045-BMBTJ;2021-08-01
6741-EGCBI;2022-07-19
6741-EGCBI;2023-09-01
7541-YLXCL;2023-01-03
7541-YLXCL;2023-01-03
7541-YLXCL;2023-01-03
8722-NGNBH;2022-04-16
3656-TKRVZ;2023-04-17
8623-TMRBY;2022-04-06
8623-TMRBY;2022-03-05
8623-TMRBY;2022-05-07
8623-TMRBY;2022-03-31
8623-TMRBY;2022-03-11
4488-KQFDT;2020-04-25
4488-KQFDT;2019-03-29
4488-KQFDT;2019-06-19
4488-KQFDT;2019-12-29
4488-KQFDT;2022-02-20
2612-RANWT;2022-09-22
2612-RANWT;2022-09-22
6900-PXRMS;2023-02-09
6900-PXRMS;2023-02-16
6900-PXRMS;2023-02-23
1771-OADNZ;2023-11-02
1771-OADNZ;2023-09-24
8450-LUGUK;2022-05-28
8450-LUGUK;2022-03-12
8450-LUGUK;2021-11-10
0795-GMVQO;2019-07-10
0795-GMVQO;2022-11-07
9378-FXTIZ;2023-12-08
9378-FXTIZ;2024-01-06
9378-FXTIZ;2023-10-05
1723-HKXJQ;2023-02-20
1723-HKXJQ;2023-05-14
1723-HKXJQ;2023-02-02
1723-HKXJQ;2023-03-14
1723-HKXJQ;2023-05-09
1723-HKXJQ;2023-05-21
2364-UFROM;2021-09-19
2364-UFROM;2023-05-27
4433-JCGCG;2022-11-14
4433-JCGCG;2022-09-16
4433-JCGCG;2023-03-21
4433-JCGCG;2022-11-15
6038-GCYEC;2023-12-20
7032-LMBHI;2023-12-20
7032-LMBHI;2022-04-27
1150-WFARN;2022-12-23
1150-WFARN;2022-12-13
1150-WFARN;2022-12-06
1150-WFARN;2022-11-17
1150-WFARN;2023-03-15
1150-WFARN;2023-03-23
6688-UZPWD;2022-12-07
8328-SKJNO;2022-12-09
9057-SIHCH;2023-11-24
6771-XWBDM;2022-02-05
6771-XWBDM;2022-06-08
6771-XWBDM;2021-10-07
6771-XWBDM;2021-11-30
6771-XWBDM;2022-02-23
9351-HXDMR;2021-08-29
9351-HXDMR;2019-09-02
9351-HXDMR;2023-04-24
9351-HXDMR;2022-09-23
9351-HXDMR;2018-09-14
9351-HXDMR;2022-08-05
1866-RZZQS;2022-07-05
1866-RZZQS;2022-08-09
1866-RZZQS;2022-04-02
1866-RZZQS;2022-04-26
8631-NBHFZ;2022-02-06
8631-NBHFZ;2022-05-09
8631-NBHFZ;2022-04-12
8631-NBHFZ;2021-12-29
8631-NBHFZ;2022-01-04
8631-NBHFZ;2022-03-25
8631-NBHFZ;2022-05-07
4958-XCBDQ;2022-02-09
4958-XCBDQ;2022-10-13
4958-XCBDQ;2022-06-17
8337-UPOAQ;2023-12-15
0064-YIJGF;2023-01-05
0064-YIJGF;2023-05-23
1725-IQNIY;2023-03-30
1725-IQNIY;2023-08-06
1725-IQNIY;2023-09-21
1725-IQNIY;2023-04-19
6712-OAWRH;2022-07-26
2930-UOTMB;2022-01-29
2930-UOTMB;2021-11-12
2930-UOTMB;2022-05-20
2533-QVMSK;2024-01-11
2533-QVMSK;2023-12-19
2533-QVMSK;2023-12-24
2533-QVMSK;2023-12-22
2533-QVMSK;2024-01-01
2533-QVMSK;2024-01-04
2533-QVMSK;2024-01-15
8625-AZYZY;2022-07-05
8625-AZYZY;2022-07-05
8374-XGEJJ;2023-11-26
8374-XGEJJ;2023-05-15
8374-XGEJJ;2023-11-22
8374-XGEJJ;2023-09-22
8374-XGEJJ;2023-08-16
6946-LMSQS;2023-10-01
2325-ZUSFD;2022-06-08
2325-ZUSFD;2022-06-19
2325-ZUSFD;2022-10-03
2325-ZUSFD;2022-11-02
2325-ZUSFD;2022-10-15
3932-CMDTD;2023-02-25
4039-HEUNW;2022-12-21
4039-HEUNW;2022-12-21
4039-HEUNW;2022-12-21
3594-UVONA;2023-06-29
3594-UVONA;2023-01-25
5089-IFSDP;2021-11-05
5089-IFSDP;2021-08-27
5089-IFSDP;2022-06-14
0365-BZUWY;2023-11-04
4817-VYYWS;2023-10-07
4817-VYYWS;2024-02-23
4817-VYYWS;2024-01-22
2403-BCASL;2023-01-03
2403-BCASL;2022-12-13
2403-BCASL;2023-03-03
2403-BCASL;2023-01-24
2403-BCASL;2023-02-09
2898-LSJGD;2021-12-07
2898-LSJGD;2022-03-27
3886-CERTZ;2022-10-27
3886-CERTZ;2022-10-27
3886-CERTZ;2022-10-27
3886-CERTZ;2022-10-27
3886-CERTZ;2022-10-27
3886-CERTZ;2022-10-27
1093-YSWCA;2024-02-08
8938-UMKPI;2022-09-12
8938-UMKPI;2023-02-21
8938-UMKPI;2022-07-26
6319-IEJWJ;2023-02-25
6319-IEJWJ;2023-07-15
6319-IEJWJ;2023-02-05
9025-AOMKI;2023-06-11
9025-AOMKI;2023-06-18
5154-VEKBL;2023-07-14
5655-JSMZM;2022-04-21
5655-JSMZM;2022-04-22
5655-JSMZM;2022-04-03
5655-JSMZM;2022-04-15
7225-CBZPL;2023-05-22
4652-NNHNY;2023-01-24
5382-TEMLV;2021-08-26
3441-CGZJH;2022-05-31
3441-CGZJH;2022-03-13
3441-CGZJH;2020-09-29
8868-WOZGU;2022-10-29
8868-WOZGU;2022-10-04
0406-BPDVR;2023-06-11
0406-BPDVR;2023-08-09
0406-BPDVR;2023-09-10
0406-BPDVR;2023-04-09
0406-BPDVR;2023-08-13
9823-EALYC;2020-05-21
9823-EALYC;2021-07-12
9823-EALYC;2023-12-02
6615-NGGZJ;2022-07-18
4334-HOWRP;2020-10-07
4334-HOWRP;2018-08-25
2525-GVKQU;2021-07-06
2126-GSEGL;2021-08-19
2126-GSEGL;2020-08-15
2126-GSEGL;2021-02-19
2126-GSEGL;2020-04-04
2126-GSEGL;2022-04-30
9667-EQRXU;2022-11-11
3045-XETSH;2022-04-19
9140-CZQZZ;2019-05-26
0531-ZZJWQ;2021-03-31
0531-ZZJWQ;2021-03-11
7683-CBDKJ;2023-05-17
0946-CLJTI;2023-09-07
0946-CLJTI;2023-11-11
0946-CLJTI;2023-11-02
0946-CLJTI;2023-08-05
0946-CLJTI;2023-12-05
0112-QWPNC;2023-11-09
0112-QWPNC;2023-11-19
0324-BRPCJ;2023-05-30
0324-BRPCJ;2022-11-05
0324-BRPCJ;2022-11-03
0324-BRPCJ;2022-10-28
0324-BRPCJ;2022-11-25
0324-BRPCJ;2023-03-25
0324-BRPCJ;2022-10-17
9189-JWSHV;2022-06-15
9189-JWSHV;2022-06-15
6211-WWLTF;2022-09-12
6211-WWLTF;2020-08-10
6211-WWLTF;2023-06-10
6211-WWLTF;2019-01-23
6211-WWLTF;2021-06-19
6211-WWLTF;2020-03-09
0576-WNXXC;2022-12-21
0576-WNXXC;2023-01-03
0576-WNXXC;2022-11-20
8626-XHBIE;2023-08-30
8626-XHBIE;2023-12-22
8626-XHBIE;2023-06-28
8626-XHBIE;2022-09-26
4628-CTTLA;2021-10-17
4628-CTTLA;2021-11-20
4628-CTTLA;2022-06-18
4628-CTTLA;2021-12-20
2748-MYRVK;2023-07-14
2748-MYRVK;2023-06-08
2748-MYRVK;2023-04-27
2748-MYRVK;2023-05-11
2748-MYRVK;2023-06-19
2748-MYRVK;2023-05-08
6559-ILWKJ;2021-12-03
6559-ILWKJ;2021-12-07
6559-ILWKJ;2021-10-12
6559-ILWKJ;2021-11-27
6559-ILWKJ;2021-11-01
6559-ILWKJ;2022-01-23
6559-ILWKJ;2021-09-18
9253-VIFJQ;2021-06-19
4902-OHLSK;2023-04-25
4902-OHLSK;2023-04-10
4902-OHLSK;2023-04-12
2357-COQEK;2023-09-30
2357-COQEK;2023-10-11
3737-GCSPV;2022-04-01
4088-YLDSU;2022-02-22
4088-YLDSU;2022-06-18
4088-YLDSU;2021-12-14
8706-HRADD;2022-12-07
2034-CGRHZ;2022-12-16
2034-CGRHZ;2022-12-16
4228-ZGYUW;2022-09-10
5016-LIPDW;2023-03-17
5016-LIPDW;2019-09-05
5016-LIPDW;2021-09-21
5016-LIPDW;2022-02-10
5016-LIPDW;2020-05-26
1567-DSCIC;2023-05-31
2150-UWTFY;2022-05-15
2150-UWTFY;2022-08-24
2150-UWTFY;2022-08-21
2683-BPJSO;2023-03-22
2683-BPJSO;2023-01-07
2157-MXBJS;2022-04-25
9360-AHGNL;2023-03-09
9360-AHGNL;2022-12-08
9360-AHGNL;2022-11-17
2632-UCGVD;2021-10-29
2632-UCGVD;2022-03-24
2632-UCGVD;2022-04-06
2632-UCGVD;2022-01-26
2632-UCGVD;2022-01-23
5445-PZWGX;2023-03-04
5445-PZWGX;2023-02-19
5445-PZWGX;2023-01-30
5445-PZWGX;2023-02-17
6425-YQLLO;2022-12-25
6425-YQLLO;2023-03-01
6425-YQLLO;2022-11-17
6425-YQLLO;2022-10-11
6425-YQLLO;2022-10-25
6425-YQLLO;2022-10-02
2114-MGINA;2022-07-08
2114-MGINA;2022-08-25
4489-SNOJF;2022-09-18
4489-SNOJF;2022-11-09
4489-SNOJF;2022-08-18
9732-OUYRN;2022-09-30
6899-PPEEA;2024-01-28
6899-PPEEA;2024-01-17
6899-PPEEA;2024-01-26
2187-LZGPL;2023-05-31
6288-LBEAR;2023-05-22
4597-NUCQV;2024-01-30
4597-NUCQV;2024-01-30
2979-SXESE;2023-01-19
4013-TLDHQ;2023-06-04
2674-MLXMN;2020-06-20
2674-MLXMN;2019-03-18
2674-MLXMN;2019-08-16
2674-MLXMN;2020-12-20
2674-MLXMN;2021-12-03
2674-MLXMN;2023-05-24
0537-QYZZN;2022-10-01
0537-QYZZN;2024-01-16
7632-YUTXB;2022-12-27
7481-ATQQS;2022-12-31
7481-ATQQS;2023-01-14
7481-ATQQS;2023-01-14
3400-ESFUW;2022-03-14
3400-ESFUW;2022-02-04
3400-ESFUW;2022-03-13
3400-ESFUW;2022-01-15
3400-ESFUW;2022-01-03
0228-MAUWC;2023-09-18
5502-RLUYV;2023-04-20
5502-RLUYV;2023-05-31
5502-RLUYV;2023-05-10
5502-RLUYV;2023-12-28
7663-YJHSN;2020-01-14
9039-RBEEE;2023-03-17
9039-RBEEE;2023-03-26
9039-RBEEE;2023-04-07
1792-UXAFY;2022-03-11
0378-XSZPU;2022-11-28
0378-XSZPU;2023-05-14
0378-XSZPU;2022-10-30
0378-XSZPU;2023-02-17
0378-XSZPU;2023-06-09
9950-MTGYX;2024-02-26
9950-MTGYX;2024-02-02
4825-FUREZ;2023-05-08
4825-FUREZ;2021-07-31
6543-XRMYR;2021-12-16
6543-XRMYR;2021-12-07
6543-XRMYR;2022-02-08
1455-UGQVH;2023-05-17
1455-UGQVH;2023-08-04
1455-UGQVH;2023-10-02
2037-SGXHH;2022-09-13
2037-SGXHH;2022-09-02
3018-TFTSU;2023-07-09
3018-TFTSU;2023-07-09
2479-BRAMR;2022-12-12
2479-BRAMR;2022-11-20
2479-BRAMR;2022-12-03
2479-BRAMR;2022-11-07
3873-WOSBC;2023-12-10
3873-WOSBC;2021-07-23
3873-WOSBC;2021-08-02
3873-WOSBC;2022-04-20
3873-WOSBC;2023-06-06
3120-FAZKD;2021-02-20
3120-FAZKD;2023-01-13
3120-FAZKD;2020-06-11
1264-BYWMS;2023-01-13
1264-BYWMS;2023-01-24
1264-BYWMS;2022-10-20
1264-BYWMS;2022-07-19
9658-WYUFB;2023-08-26
9658-WYUFB;2023-10-05
0707-HOVVN;2020-10-19
0707-HOVVN;2021-09-23
8580-QVLOC;2023-11-16
8580-QVLOC;2023-11-16
8580-QVLOC;2023-11-16
8580-QVLOC;2023-11-16
8580-QVLOC;2023-11-16
8580-QVLOC;2023-11-16
8580-QVLOC;2023-11-16
8580-QVLOC;2023-11-16
2012-NWRPA;2021-09-05
3934-HXCFZ;2023-02-06
3934-HXCFZ;2023-03-08
7666-WKRON;2022-03-23
9647-ERGBE;2022-04-02
9647-ERGBE;2021-11-09
9647-ERGBE;2022-01-07
4355-HBJHH;2022-01-01
4355-HBJHH;2021-12-27
4355-HBJHH;2021-12-21
4355-HBJHH;2022-03-05
4355-HBJHH;2022-03-13
4355-HBJHH;2022-03-26
4355-HBJHH;2021-12-01
7216-KAOID;2023-07-14
5520-FVEWJ;2023-12-08
5572-ZDXHY;2022-02-05
5572-ZDXHY;2022-04-14
5944-UGLLK;2023-05-08
5944-UGLLK;2023-01-10
5944-UGLLK;2021-11-29
5944-UGLLK;2020-11-12
8999-XXGNS;2021-06-16
8999-XXGNS;2023-06-09
8999-XXGNS;2023-12-05
4658-HCOHW;2022-05-25
4658-HCOHW;2022-04-04
4658-HCOHW;2022-05-05
4658-HCOHW;2022-03-19
2211-RMNHO;2021-05-04
2211-RMNHO;2023-05-21
2889-FPWRM;2022-04-02
2889-FPWRM;2022-04-02
2889-FPWRM;2022-04-02
2889-FPWRM;2022-04-02
2889-FPWRM;2022-04-02
2889-FPWRM;2022-04-02
2889-FPWRM;2022-04-02
0626-QXNGV;2018-04-08
0626-QXNGV;2022-04-01
0626-QXNGV;2018-05-28
0626-QXNGV;2022-05-28
0626-QXNGV;2019-03-31
8705-DWKTI;2022-04-01
0929-PECLO;2021-09-03
0929-PECLO;2021-10-22
2462-XIIJB;2023-11-12
5458-CQJTA;2022-08-01
5458-CQJTA;2022-05-23
5458-CQJTA;2022-05-30
5458-CQJTA;2022-06-07
5458-CQJTA;2022-07-19
5458-CQJTA;2022-05-21
5219-YIPTK;2022-06-24
5219-YIPTK;2022-08-03
5219-YIPTK;2022-07-28
5172-RKOCB;2021-03-07
5172-RKOCB;2021-07-03
5172-RKOCB;2021-05-13
5172-RKOCB;2023-09-17
5172-RKOCB;2020-08-26
3540-RZJYU;2023-07-04
3178-CIFOT;2023-08-29
2091-MJTFX;2022-11-16
2091-MJTFX;2022-12-10
2091-MJTFX;2022-12-16
2091-MJTFX;2022-10-16
3393-FMZPV;2022-07-06
3393-FMZPV;2022-07-11
6402-ZFPPI;2023-05-15
6402-ZFPPI;2023-05-30
6402-ZFPPI;2023-05-06
7486-KSRVI;2022-04-30
7486-KSRVI;2022-05-23
7486-KSRVI;2022-08-15
7486-KSRVI;2022-04-28
8443-WVPSS;2023-03-17
8443-WVPSS;2023-01-07
8443-WVPSS;2022-12-20
0504-HHAPI;2022-09-25
0504-HHAPI;2022-09-02
6305-YLBMM;2023-04-11
6305-YLBMM;2023-07-04
6305-YLBMM;2023-04-20
6305-YLBMM;2023-11-19
8024-XNAFQ;2019-12-11
8024-XNAFQ;2022-07-31
8024-XNAFQ;2020-02-27
8024-XNAFQ;2021-11-09
3647-GMGDH;2022-09-15
3647-GMGDH;2023-04-07
2988-GBIVW;2022-01-05
2988-GBIVW;2019-06-03
2988-GBIVW;2022-12-06
2988-GBIVW;2021-09-28
2988-GBIVW;2021-08-28
3791-LGQCY;2023-04-30
3791-LGQCY;2023-08-24
3791-LGQCY;2023-06-28
3791-LGQCY;2023-04-27
3791-LGQCY;2023-05-18
3791-LGQCY;2023-03-20
3791-LGQCY;2023-07-26
8166-ZZTFS;2023-01-11
8166-ZZTFS;2022-11-19
8166-ZZTFS;2022-12-22
8166-ZZTFS;2023-01-28
8166-ZZTFS;2023-03-28
8166-ZZTFS;2023-02-16
7550-WIQVA;2022-06-06
7550-WIQVA;2023-10-24
4106-HADHQ;2023-05-19
4106-HADHQ;2023-04-13
4106-HADHQ;2023-04-26
4106-HADHQ;2023-04-29
2778-OCLGR;2023-08-03
4001-TSBTV;2021-12-24
4001-TSBTV;2023-11-20
4001-TSBTV;2021-01-14
4001-TSBTV;2023-05-07
4001-TSBTV;2024-01-01
8627-EHGIP;2022-10-21
8627-EHGIP;2022-11-27
8627-EHGIP;2022-07-20
8627-EHGIP;2022-11-03
7402-PWYJJ;2021-01-18
7402-PWYJJ;2023-01-09
7402-PWYJJ;2022-06-29
5480-TBGPH;2022-11-26
0480-BIXDE;2023-01-14
7067-KSAZT;2022-02-07
7067-KSAZT;2022-02-05
7067-KSAZT;2022-05-12
7067-KSAZT;2022-03-11
7067-KSAZT;2022-06-07
7067-KSAZT;2022-03-01
7067-KSAZT;2022-03-01
7067-KSAZT;2022-04-08
1112-CUNAO;2022-08-06
5174-RNGBH;2022-05-01
2360-RDGRO;2020-04-20
9058-MJLZC;2023-12-13
9058-MJLZC;2023-07-08
8714-EUHJO;2023-08-25
8714-EUHJO;2023-07-02
8714-EUHJO;2023-06-08
8041-TMEID;2021-12-17
8041-TMEID;2023-02-13
2568-OIADY;2023-01-21
2568-OIADY;2023-01-24
2568-OIADY;2023-01-17
1193-RTSLK;2023-08-22
1193-RTSLK;2023-07-25
1193-RTSLK;2023-08-20
1193-RTSLK;2023-08-28
2302-ANTDP;2023-03-15
2302-ANTDP;2023-03-15
2302-ANTDP;2023-03-15
2302-ANTDP;2023-03-15
2302-ANTDP;2023-03-15
2302-ANTDP;2023-03-15
5304-EFJLP;2022-05-09
5304-EFJLP;2018-05-16
3957-LXOLK;2022-02-15
3957-LXOLK;2022-03-23
3957-LXOLK;2022-02-27
6635-MYYYZ;2023-08-15
6635-MYYYZ;2023-11-30
6635-MYYYZ;2023-09-13
6635-MYYYZ;2024-01-20
5281-BUZGT;2024-02-24
5281-BUZGT;2024-02-24
5281-BUZGT;2024-02-24
6413-XKKPU;2023-10-04
4735-ASGMA;2024-01-07
4735-ASGMA;2024-02-02
7480-QNVZJ;2022-04-14
7480-QNVZJ;2022-03-22
7480-QNVZJ;2022-03-16
8008-HAWED;2022-05-26
7124-UGSUR;2022-08-04
7124-UGSUR;2022-08-05
7124-UGSUR;2022-07-27
7124-UGSUR;2022-07-25
7124-UGSUR;2022-07-25
7124-UGSUR;2022-07-30
1862-SKORY;2023-09-08
1862-SKORY;2023-09-27
1862-SKORY;2023-10-04
1502-XFCVR;2023-10-04
1502-XFCVR;2023-09-01
1502-XFCVR;2023-05-26
1502-XFCVR;2023-07-26
1502-XFCVR;2023-08-12
1502-XFCVR;2023-07-07
9692-TUSXH;2023-03-29
2067-QYTCF;2023-08-18
2067-QYTCF;2021-04-02
2067-QYTCF;2022-01-17
2067-QYTCF;2023-02-26
2359-QWQUL;2022-01-17
2359-QWQUL;2022-01-13
2359-QWQUL;2022-02-27
0708-SJDIS;2021-06-06
0708-SJDIS;2022-01-22
9909-IDLEK;2022-11-02
4325-NFSKC;2022-01-08
4325-NFSKC;2021-11-02
7762-URZQH;2022-04-30
7762-URZQH;2022-05-31
7762-URZQH;2022-01-06
7762-URZQH;2022-05-12
7762-URZQH;2022-01-19
6907-NZZIJ;2023-07-24
6907-NZZIJ;2023-07-24
6907-NZZIJ;2023-07-24
2911-UREFD;2022-03-02
2911-UREFD;2022-01-22
2911-UREFD;2022-01-24
4628-WQCQQ;2022-06-04
4628-WQCQQ;2022-04-06
1644-IRKSF;2023-01-31
1644-IRKSF;2023-01-05
1644-IRKSF;2023-04-02
2995-UPRYS;2023-02-08
2995-UPRYS;2023-03-17
2995-UPRYS;2023-04-23
2995-UPRYS;2023-03-31
6686-YPGHK;2022-12-14
6686-YPGHK;2022-05-15
6686-YPGHK;2023-02-05
6374-AFWOX;2020-08-20
5317-FLPJF;2019-08-24
5317-FLPJF;2022-05-15
5317-FLPJF;2022-12-17
2982-VPSGI;2023-05-17
8199-ZLLSA;2022-09-08
8199-ZLLSA;2022-12-08
8199-ZLLSA;2022-07-07
8199-ZLLSA;2022-08-05
8199-ZLLSA;2022-07-22
8199-ZLLSA;2022-08-12
8199-ZLLSA;2022-12-23
5980-NOPLP;2023-03-23
5980-NOPLP;2023-05-09
3850-OKINF;2020-08-24
3850-OKINF;2023-09-09
6892-XPFPU;2022-11-04
6892-XPFPU;2022-11-04
8016-NCFVO;2024-02-10
8016-NCFVO;2022-06-03
8016-NCFVO;2021-07-24
3970-XGJDU;2022-03-09
3970-XGJDU;2019-07-05
3970-XGJDU;2021-10-31
3970-XGJDU;2022-06-14
3970-XGJDU;2020-08-10
5439-WIKXB;2021-11-22
5439-WIKXB;2021-03-09
5439-WIKXB;2021-05-16
9874-QLCLH;2022-03-13
4350-ZTLPI;2021-04-08
4350-ZTLPI;2022-07-02
4350-ZTLPI;2023-01-04
1902-XBTFB;2022-02-14
1902-XBTFB;2021-12-28
1902-XBTFB;2022-01-21
0643-OKLRP;2022-12-17
0643-OKLRP;2022-04-11
0643-OKLRP;2023-01-12
0643-OKLRP;2023-02-01
6050-IJRHS;2020-01-24
6050-IJRHS;2024-01-08
6050-IJRHS;2018-11-18
6050-IJRHS;2020-04-26
8591-TKMZH;2022-09-28
8591-TKMZH;2021-07-07
8591-TKMZH;2022-06-28
8591-TKMZH;2019-10-12
9381-NDKME;2022-05-20
9381-NDKME;2022-05-20
2794-XIMMO;2022-04-19
2794-XIMMO;2022-06-18
2794-XIMMO;2022-06-29
2794-XIMMO;2022-07-16
2794-XIMMO;2022-04-11
3034-ZBEQN;2022-09-06
3034-ZBEQN;2022-09-06
3034-ZBEQN;2022-09-06
8327-LZKAS;2023-07-08
8327-LZKAS;2023-12-19
8327-LZKAS;2023-07-20
8327-LZKAS;2023-07-14
5887-IKKYO;2022-03-26
5887-IKKYO;2021-03-02
5887-IKKYO;2021-12-20
5887-IKKYO;2023-11-01
5887-IKKYO;2023-05-12
1075-BGWOH;2022-09-30
5366-IJEQJ;2023-07-12
5366-IJEQJ;2023-07-07
4971-PUYQO;2022-06-20
4971-PUYQO;2022-06-03
1527-SXDPN;2023-03-16
1527-SXDPN;2023-02-25
1527-SXDPN;2023-04-08
1527-SXDPN;2023-01-30
1527-SXDPN;2023-04-25
6029-WTIPC;2023-10-13
6029-WTIPC;2023-10-11
8634-CILSZ;2023-08-04
8634-CILSZ;2023-07-09
8634-CILSZ;2023-08-15
8634-CILSZ;2023-02-18
8634-CILSZ;2023-04-27
8634-CILSZ;2023-04-02
6682-QJDGB;2023-10-22
6682-QJDGB;2023-10-11
6682-QJDGB;2023-09-05
6682-QJDGB;2023-09-06
0345-HKJVM;2022-09-29
3049-SOLAY;2023-11-04
0997-YTLNY;2023-05-29
9479-HYNYL;2021-02-28
9479-HYNYL;2021-04-18
9479-HYNYL;2022-01-05
9479-HYNYL;2018-07-06
9479-HYNYL;2022-03-05
7647-GYYKX;2022-08-12
7647-GYYKX;2023-10-12
7647-GYYKX;2022-02-02
5569-OUICF;2022-11-04
5569-OUICF;2022-08-20
5569-OUICF;2022-11-24
2082-OJVTK;2024-02-01
2082-OJVTK;2024-01-07
2082-OJVTK;2023-12-22
1935-IMVBB;2024-02-23
1935-IMVBB;2021-11-07
1935-IMVBB;2021-10-25
5747-PMBSQ;2021-12-05
3143-JQEGI;2023-06-18
6386-SZZKH;2023-07-15
6386-SZZKH;2023-07-10
6386-SZZKH;2023-06-20
6386-SZZKH;2023-07-12
6386-SZZKH;2023-07-05
3521-SYVOR;2023-02-09
3521-SYVOR;2023-01-22
3521-SYVOR;2023-02-11
3521-SYVOR;2023-01-23
9526-JAWYF;2023-11-30
9526-JAWYF;2023-11-14
5649-VUKMC;2022-11-18
4919-IKATY;2022-04-15
9050-QLROH;2022-06-05
0877-SDMBN;2022-07-11
0877-SDMBN;2022-07-03
0877-SDMBN;2022-12-16
0877-SDMBN;2022-11-26
0877-SDMBN;2022-09-08
9229-RQABD;2023-04-13
9465-RWMXL;2022-03-06
9465-RWMXL;2021-10-25
7450-NWRTR;2022-04-13
2589-AYCRP;2022-04-01
2589-AYCRP;2023-02-25
5124-EOGYE;2024-01-27
5124-EOGYE;2023-09-21
6005-OBZPH;2023-09-04
6005-OBZPH;2023-08-22
2722-VOJQL;2023-11-20
2722-VOJQL;2023-11-30
2722-VOJQL;2023-11-20
2722-VOJQL;2023-10-28
2722-VOJQL;2023-12-17
2722-VOJQL;2023-10-11
7929-SKFGK;2020-06-01
7929-SKFGK;2018-06-02
7929-SKFGK;2022-02-12
7929-SKFGK;2020-01-31
6331-LWDTQ;2022-08-17
5959-BELXA;2022-01-17
5959-BELXA;2022-02-24
5959-BELXA;2022-02-22
3512-IZIKN;2023-04-12
3512-IZIKN;2023-06-30
3512-IZIKN;2023-01-13
3512-IZIKN;2023-05-07
3512-IZIKN;2022-12-21
3512-IZIKN;2023-06-13
1114-CENIM;2022-06-11
1114-CENIM;2022-07-05
1114-CENIM;2022-06-28
1114-CENIM;2022-07-14
1114-CENIM;2022-08-25
3374-TTZTK;2023-05-21
3374-TTZTK;2020-10-17
3374-TTZTK;2021-05-16
3374-TTZTK;2024-02-27
3374-TTZTK;2021-07-10
6289-CPNLD;2023-05-04
6289-CPNLD;2023-05-20
6289-CPNLD;2023-06-03
6289-CPNLD;2023-08-02
6289-CPNLD;2023-09-01
7614-QVWQL;2022-12-31
7614-QVWQL;2023-01-17
7614-QVWQL;2023-01-03
7614-QVWQL;2023-01-19
7614-QVWQL;2023-01-03
7614-QVWQL;2023-01-10
6345-ULYRW;2023-12-12
6345-ULYRW;2023-10-22
6345-ULYRW;2023-08-03
6345-ULYRW;2023-08-28
9574-RKJIF;2023-10-22
9574-RKJIF;2023-08-27
9574-RKJIF;2023-06-18
9574-RKJIF;2023-06-15
8029-XYPWT;2019-05-11
8029-XYPWT;2019-08-30
8029-XYPWT;2019-05-01
6804-GDMOI;2023-02-22
6804-GDMOI;2023-02-09
6804-GDMOI;2023-03-05
6804-GDMOI;2023-02-16
6804-GDMOI;2023-02-23
6804-GDMOI;2023-02-20
9572-MTILT;2022-06-21
9572-MTILT;2022-08-11
9572-MTILT;2022-03-01
9572-MTILT;2022-03-29
9572-MTILT;2021-11-12
0329-GTIAJ;2022-07-01
0329-GTIAJ;2022-04-20
5364-EVNIB;2023-11-20
5364-EVNIB;2023-11-11
5087-SUURX;2023-06-01
5087-SUURX;2023-09-22
1492-KGETH;2018-11-25
1492-KGETH;2023-02-19
4163-HFTUK;2020-09-11
2225-ZRGSG;2022-02-26
2225-ZRGSG;2022-04-07
2225-ZRGSG;2021-09-10
2225-ZRGSG;2021-11-20
2225-ZRGSG;2022-02-14
2225-ZRGSG;2021-08-23
2225-ZRGSG;2021-10-31
5271-YNWVR;2023-07-14
5271-YNWVR;2023-11-11
5271-YNWVR;2024-01-05
5271-YNWVR;2023-11-27
5271-YNWVR;2023-12-14
5271-YNWVR;2023-07-19
5271-YNWVR;2023-06-30
5271-YNWVR;2023-07-29
7601-DHFWZ;2023-04-08
7601-DHFWZ;2020-04-13
7601-DHFWZ;2024-01-09
2657-ALMWY;2023-01-03
2657-ALMWY;2023-01-19
2657-ALMWY;2022-12-26
2657-ALMWY;2022-12-16
7228-OMTPN;2023-03-19
6284-AHOOQ;2021-12-08
2460-FPSYH;2023-12-09
2460-FPSYH;2023-10-28
2460-FPSYH;2024-01-09
2460-FPSYH;2023-09-28
4391-RESHN;2021-05-17
4391-RESHN;2021-09-11
4391-RESHN;2022-02-26
9801-GDWGV;2022-10-03
9801-GDWGV;2022-09-28
5567-GZKQY;2021-11-01
1121-QSIVB;2023-03-14
1121-QSIVB;2021-04-01
1121-QSIVB;2021-04-02
0875-CABNR;2023-04-05
5915-DGNVC;2022-01-28
5915-DGNVC;2023-12-09
5915-DGNVC;2023-08-13
5915-DGNVC;2022-04-12
5057-LCOUI;2023-06-11
5057-LCOUI;2023-08-25
5057-LCOUI;2023-07-17
0193-ESZXP;2022-07-19
0193-ESZXP;2023-02-20
0193-ESZXP;2022-12-29
0193-ESZXP;2023-03-29
0193-ESZXP;2023-04-12
1984-FCOWB;2023-05-07
1984-FCOWB;2023-01-31
1984-FCOWB;2023-09-28
1984-FCOWB;2023-07-13
1984-FCOWB;2023-04-06
1984-FCOWB;2023-09-26
1984-FCOWB;2023-10-17
0654-HMSHN;2022-10-13
0654-HMSHN;2022-02-20
0654-HMSHN;2022-10-15
5287-QWLKY;2022-06-17
5287-QWLKY;2022-12-15
5287-QWLKY;2022-09-06
5287-QWLKY;2022-08-06
5287-QWLKY;2023-01-16
5287-QWLKY;2022-11-18
5287-QWLKY;2023-02-11
5287-QWLKY;2022-10-22
1891-UAWWU;2023-11-18
1891-UAWWU;2023-08-15
8204-TIFGJ;2023-01-23
8204-TIFGJ;2023-04-10
0363-QJVFX;2023-10-01
0363-QJVFX;2024-02-04
0363-QJVFX;2024-01-11
1089-XZWHH;2022-03-23
6064-ZATLR;2023-10-11
3374-LXDEV;2022-06-20
4072-IPYLT;2022-12-15
4072-IPYLT;2023-10-08
5883-GTGVD;2022-06-04
3349-ANQNH;2023-11-11
3349-ANQNH;2020-04-01
3349-ANQNH;2022-02-03
3349-ANQNH;2021-10-21
5847-MXBEO;2023-07-18
1265-XTECC;2022-11-17
1265-XTECC;2022-12-11
1265-XTECC;2023-01-04
1265-XTECC;2023-05-13
1265-XTECC;2023-05-24
1265-XTECC;2023-05-07
1265-XTECC;2023-05-26
1183-CANVH;2023-02-13
1183-CANVH;2022-07-04
1972-XMUWV;2023-02-24
1972-XMUWV;2023-04-30
1972-XMUWV;2023-08-20
6252-DFGTK;2021-05-14
2237-ZFSMY;2022-07-20
2237-ZFSMY;2022-07-10
1722-LDZJS;2023-10-29
1722-LDZJS;2022-08-21
6711-VTNRE;2023-05-09
7129-CAKJW;2022-12-11
8099-MZPUJ;2020-04-03
3161-GETRM;2024-02-21
9846-GKXAS;2023-03-07
7136-RVDTZ;2023-08-08
7136-RVDTZ;2023-06-03
7136-RVDTZ;2023-05-18
7136-RVDTZ;2023-02-07
7136-RVDTZ;2023-05-24
7136-RVDTZ;2023-05-25
7136-RVDTZ;2023-06-06
7136-RVDTZ;2023-04-08
7136-RVDTZ;2023-03-09
9114-VEPUF;2023-12-14
9114-VEPUF;2019-02-06
9114-VEPUF;2020-05-18
9114-VEPUF;2020-06-25
9114-VEPUF;2020-11-18
7969-AULMZ;2022-08-28
7969-AULMZ;2022-08-20
4844-JJWUY;2023-04-07
6777-TGHTM;2022-11-18
6777-TGHTM;2022-11-02
6777-TGHTM;2022-09-28
6777-TGHTM;2022-12-21
6777-TGHTM;2022-11-07
4785-QRJHC;2022-08-07
4785-QRJHC;2022-03-17
8610-WFCJF;2023-05-15
8610-WFCJF;2023-05-02
8610-WFCJF;2023-05-24
8610-WFCJF;2023-05-07
4905-JEFDW;2022-01-25
7881-INRLC;2023-08-07
7881-INRLC;2023-09-22
7881-INRLC;2023-11-18
7881-INRLC;2023-10-04
7881-INRLC;2024-01-02
9943-VSZUV;2023-12-03
9943-VSZUV;2021-12-17
9943-VSZUV;2021-10-11
9943-VSZUV;2023-12-12
0117-LFRMW;2022-08-19
0117-LFRMW;2022-08-21
0117-LFRMW;2022-08-21
0117-LFRMW;2022-09-09
7248-VZQLC;2022-03-11
7248-VZQLC;2021-05-30
7248-VZQLC;2021-10-17
1840-BIUOG;2022-09-27
5828-DWPIL;2022-02-24
5828-DWPIL;2021-11-26
5828-DWPIL;2023-07-26
0011-IGKFF;2022-12-07
0011-IGKFF;2022-11-29
4192-GORJT;2022-12-22
4192-GORJT;2022-11-07
9912-GVSEQ;2022-12-20
9912-GVSEQ;2022-12-24
6261-RCVNS;2022-05-31
6261-RCVNS;2022-08-12
6261-RCVNS;2022-08-15
6261-RCVNS;2022-10-22
5816-QVHRX;2023-05-10
5816-QVHRX;2022-04-06
3640-PHQXK;2023-09-14
3640-PHQXK;2023-10-17
3640-PHQXK;2023-11-06
3640-PHQXK;2023-06-07
3640-PHQXK;2023-06-18
8019-ENHXU;2022-09-15
8019-ENHXU;2022-08-28
8019-ENHXU;2022-08-17
8019-ENHXU;2022-12-10
1324-NLTJE;2022-12-28
1522-VVDMG;2023-07-07
0780-XNZFN;2022-06-20
0780-XNZFN;2024-02-05
0780-XNZFN;2022-08-29
0780-XNZFN;2022-01-17
8063-RJYNF;2022-11-18
0687-ZVTHB;2023-08-22
0687-ZVTHB;2023-05-20
0687-ZVTHB;2023-07-17
0687-ZVTHB;2023-06-19
0687-ZVTHB;2023-06-20
9661-ACXBS;2022-06-08
9661-ACXBS;2022-01-18
9661-ACXBS;2022-04-10
0442-TDYUO;2022-04-28
0442-TDYUO;2023-10-10
4451-RWASJ;2024-01-14
6646-VRFOL;2023-08-18
6646-VRFOL;2023-10-25
6646-VRFOL;2023-10-09
6646-VRFOL;2023-09-19
6646-VRFOL;2023-09-06
6646-VRFOL;2023-10-14
3460-TJBWI;2022-08-22
5671-UUNXD;2023-09-02
5671-UUNXD;2022-05-22
5671-UUNXD;2020-08-10
5671-UUNXD;2022-03-21
4250-ZBWLV;2022-06-27
4250-ZBWLV;2022-02-02
4250-ZBWLV;2022-04-12
4250-ZBWLV;2022-03-07
4250-ZBWLV;2022-04-14
4250-ZBWLV;2022-06-24
2027-OAQQC;2021-12-23
2027-OAQQC;2021-10-22
2027-OAQQC;2022-02-05
2027-OAQQC;2022-04-19
2027-OAQQC;2022-01-30
9090-SGQXL;2022-03-24
9090-SGQXL;2022-10-06
9090-SGQXL;2022-10-14
9090-SGQXL;2022-05-28
9090-SGQXL;2022-06-20
6595-YGXIT;2024-01-31
6595-YGXIT;2024-02-05
9835-ZIITK;2022-10-16
9835-ZIITK;2022-12-06
9835-ZIITK;2022-12-12
9835-ZIITK;2022-09-19
9835-ZIITK;2022-11-21
1555-DJEQW;2022-11-26
1555-DJEQW;2023-02-06
1555-DJEQW;2023-02-12
1555-DJEQW;2022-11-23
1555-DJEQW;2022-10-22
1555-DJEQW;2022-09-01
6338-AVWCY;2023-12-23
6338-AVWCY;2024-01-25
9253-QXKBE;2022-01-20
9253-QXKBE;2022-02-01
4079-ULGFR;2023-02-13
9445-SZLCH;2024-02-24
9445-SZLCH;2024-02-24
9445-SZLCH;2024-02-24
4523-WXCEF;2023-11-10
4523-WXCEF;2023-07-05
4523-WXCEF;2023-11-12
4523-WXCEF;2023-08-01
4523-WXCEF;2023-04-26
7711-GQBZC;2023-10-29
7711-GQBZC;2022-01-25
7711-GQBZC;2019-01-07
7711-GQBZC;2023-04-25
7711-GQBZC;2023-11-19
3565-UNOCC;2022-04-06
9249-FXSCK;2022-01-01
9249-FXSCK;2022-01-25
9249-FXSCK;2022-02-13
9249-FXSCK;2022-02-13
5493-SDRDQ;2023-10-03
9924-JPRMC;2018-12-18
0871-URUWO;2023-12-08
0871-URUWO;2023-12-02
9190-MFJLN;2023-06-27
4132-POCZS;2021-08-29
4132-POCZS;2021-05-17
4132-POCZS;2021-12-09
1095-JUDTC;2023-12-27
1095-JUDTC;2023-05-12
1095-JUDTC;2023-12-20
1095-JUDTC;2023-11-10
3896-RCYYE;2020-12-17
3896-RCYYE;2022-01-26
3896-RCYYE;2019-12-27
5385-SUIRI;2021-12-28
5385-SUIRI;2022-03-24
5385-SUIRI;2022-02-27
5385-SUIRI;2021-12-19
5385-SUIRI;2021-12-21
4009-ALQFH;2024-01-12
4009-ALQFH;2023-12-31
6383-ZTSIW;2021-12-28
7562-GSUHK;2023-01-20
3427-GGZZI;2022-11-10
4077-CROMM;2023-10-10
4077-CROMM;2023-06-22
4077-CROMM;2023-05-04
1658-XUHBX;2020-02-02
2378-HTWFW;2022-03-17
6328-ZPBGN;2023-03-18
0201-MIBOL;2023-05-06
0201-MIBOL;2018-10-27
0201-MIBOL;2022-07-31
4789-KWMXN;2022-02-05
4789-KWMXN;2021-11-23
4789-KWMXN;2021-11-11
4789-KWMXN;2022-07-19
4789-KWMXN;2022-01-31
2856-NNASM;2022-03-11
2856-NNASM;2022-06-28
2856-NNASM;2022-03-31
2856-NNASM;2022-04-14
8559-CIZFV;2022-05-07
8559-CIZFV;2022-05-14
8559-CIZFV;2022-11-24
8559-CIZFV;2022-10-08
7547-EKNFS;2023-08-03
7547-EKNFS;2023-12-01
7547-EKNFS;2023-10-14
7547-EKNFS;2023-11-21
7547-EKNFS;2023-06-17
7547-EKNFS;2023-10-17
2279-AXJJK;2023-01-25
2279-AXJJK;2023-10-25
2279-AXJJK;2020-10-18
6769-DYBQN;2022-08-05
6769-DYBQN;2022-10-09
6769-DYBQN;2022-09-19
6769-DYBQN;2022-11-21
2097-YVPKN;2018-11-22
2097-YVPKN;2020-10-27
2097-YVPKN;2022-07-21
2097-YVPKN;2020-04-25
2097-YVPKN;2023-11-25
2097-YVPKN;2019-11-27
5180-UCIIQ;2023-07-02
4759-PXTAN;2019-12-21
4759-PXTAN;2019-11-24
3428-MMGUB;2020-11-11
3428-MMGUB;2019-10-08
3428-MMGUB;2019-10-12
5813-UECBU;2023-07-24
5813-UECBU;2024-02-06
9053-JZFKV;2022-12-15
9053-JZFKV;2022-08-29
9053-JZFKV;2022-08-17
9053-JZFKV;2022-08-25
9053-JZFKV;2022-09-20
9053-JZFKV;2022-10-24
2530-ENDWQ;2022-06-10
2530-ENDWQ;2022-10-03
2530-ENDWQ;2022-04-09
2530-ENDWQ;2022-12-29
2530-ENDWQ;2022-12-08
2530-ENDWQ;2022-07-05
2530-ENDWQ;2022-09-16
1597-LHYNC;2023-11-15
1597-LHYNC;2023-11-14
3043-SUDUA;2022-03-24
7055-VKGDA;2022-08-14
7055-VKGDA;2022-10-15
7055-VKGDA;2022-11-01
7055-VKGDA;2022-06-26
7055-VKGDA;2022-07-07
7055-VKGDA;2022-11-07
8946-BFWSG;2022-04-16
8946-BFWSG;2022-07-14
8946-BFWSG;2021-02-01
8946-BFWSG;2022-11-25
0691-NIKRI;2023-02-09
0691-NIKRI;2023-09-25
4558-FANTW;2022-12-17
8651-ENBZX;2022-05-21
8651-ENBZX;2022-05-21
8651-ENBZX;2022-05-21
8651-ENBZX;2022-05-21
8651-ENBZX;2022-05-21
8651-ENBZX;2022-05-21
8651-ENBZX;2022-05-21
9330-IJWIO;2022-05-01
3384-CTMSF;2021-11-27
3384-CTMSF;2022-08-26
3384-CTMSF;2022-04-22
1842-EZJMK;2023-03-10
1842-EZJMK;2023-03-11
1842-EZJMK;2023-02-13
8079-XRJRS;2022-08-31
8079-XRJRS;2022-05-07
8079-XRJRS;2022-06-14
8079-XRJRS;2022-06-15
8079-XRJRS;2022-05-04
8079-XRJRS;2022-08-07
8884-ADFVN;2023-07-08
2720-WGKHP;2023-11-11
2720-WGKHP;2023-11-30
2869-ADAWR;2022-01-08
2869-ADAWR;2021-12-06
2869-ADAWR;2021-12-18
2869-ADAWR;2022-07-16
0637-UBJRP;2022-04-27
0637-UBJRP;2022-05-03
9853-JFZDU;2022-08-01
9853-JFZDU;2024-01-25
3058-HJCUY;2021-11-11
3058-HJCUY;2022-02-28
3058-HJCUY;2022-03-03
3058-HJCUY;2021-12-07
3259-FDWOY;2023-08-21
3259-FDWOY;2023-04-10
3259-FDWOY;2023-03-02
3259-FDWOY;2023-11-21
3259-FDWOY;2023-10-28
3259-FDWOY;2023-08-26
3259-FDWOY;2023-07-11
5298-GSTLM;2020-02-16
5298-GSTLM;2019-04-17
5298-GSTLM;2024-01-24
5298-GSTLM;2019-06-29
5298-GSTLM;2019-07-30
5748-RNCJT;2022-06-22
5748-RNCJT;2022-08-09
5748-RNCJT;2022-03-23
5748-RNCJT;2022-07-28
5748-RNCJT;2022-06-23
5748-RNCJT;2022-06-21
5748-RNCJT;2022-06-02
5748-RNCJT;2021-12-12
7739-LAXOG;2023-01-22
7739-LAXOG;2022-08-04
7739-LAXOG;2022-08-17
1422-DGUBX;2023-05-15
1422-DGUBX;2022-10-31
6034-ZRYCV;2022-10-07
6034-ZRYCV;2022-10-07
6034-ZRYCV;2022-10-07
6034-ZRYCV;2022-10-07
6034-ZRYCV;2022-10-07
6034-ZRYCV;2022-10-07
6034-ZRYCV;2022-10-07
0298-XACET;2020-01-06
0298-XACET;2022-08-19
6302-JGYRJ;2021-11-06
6302-JGYRJ;2021-11-13
6302-JGYRJ;2022-04-20
6302-JGYRJ;2021-12-01
3685-YLCMQ;2022-09-17
3685-YLCMQ;2022-04-28
3685-YLCMQ;2021-12-21
3685-YLCMQ;2022-09-13
3685-YLCMQ;2022-01-28
8634-MPHTR;2021-11-04
8634-MPHTR;2022-03-29
2478-EEWWM;2019-08-14
2478-EEWWM;2024-01-14
8761-NSOBC;2022-10-17
8761-NSOBC;2022-11-14
8761-NSOBC;2022-09-27
8164-OCKUJ;2020-02-22
8164-OCKUJ;2022-10-13
8164-OCKUJ;2019-05-14
8164-OCKUJ;2021-08-31
5419-JPRRN;2022-09-21
2474-BRUCM;2022-01-22
2474-BRUCM;2022-02-26
5708-EVONK;2023-04-27
5708-EVONK;2022-08-21
5708-EVONK;2022-12-29
5708-EVONK;2022-10-23
5708-EVONK;2022-08-03
8708-XPXHZ;2022-08-03
8708-XPXHZ;2022-06-02
8708-XPXHZ;2022-04-18
8708-XPXHZ;2022-07-03
8708-XPXHZ;2022-02-27
3190-XFANI;2023-06-30
3190-XFANI;2023-06-20
3190-XFANI;2023-07-02
3190-XFANI;2023-06-13
3190-XFANI;2023-06-26
4957-SREEC;2018-10-24
4957-SREEC;2021-10-28
0520-FDVVT;2022-07-12
0520-FDVVT;2022-09-17
0520-FDVVT;2022-09-29
0520-FDVVT;2022-05-09
1444-VVSGW;2022-05-14
1444-VVSGW;2022-10-04
1444-VVSGW;2022-06-15
1444-VVSGW;2022-04-12
1444-VVSGW;2022-08-19
1444-VVSGW;2022-06-13
1444-VVSGW;2022-08-30
6661-HBGWL;2023-05-30
6661-HBGWL;2023-03-29
6661-HBGWL;2023-05-26
6661-HBGWL;2023-02-03
1309-BXVOQ;2022-03-07
1309-BXVOQ;2022-04-20
4891-NLUBA;2023-08-05
4891-NLUBA;2021-01-02
4891-NLUBA;2023-09-05
4891-NLUBA;2020-04-24
4891-NLUBA;2021-10-17
3621-CEOVK;2023-10-03
1094-BKOSX;2021-03-10
1094-BKOSX;2023-01-24
6953-PBDIN;2021-02-11
6953-PBDIN;2021-04-02
6953-PBDIN;2022-04-03
4701-AHWMW;2022-03-10
4701-AHWMW;2022-02-06
4701-AHWMW;2022-05-04
4701-AHWMW;2022-06-12
4701-AHWMW;2022-03-26
4701-AHWMW;2022-03-06
0023-XUOPT;2023-12-12
7632-MNYOY;2023-01-01
7632-MNYOY;2022-12-27
7632-MNYOY;2023-01-07
7632-MNYOY;2023-03-19
7632-MNYOY;2023-03-25
7632-MNYOY;2023-01-12
6518-LGAOV;2022-07-05
6518-LGAOV;2022-07-23
6518-LGAOV;2022-07-31
9600-NAXZN;2022-05-25
9600-NAXZN;2022-05-06
9600-NAXZN;2022-01-01
9600-NAXZN;2022-01-15
6762-NSODU;2020-12-06
6762-NSODU;2021-06-28
3398-FSHON;2022-12-06
3319-DWOEP;2022-08-20
1074-WVEVG;2020-07-23
1074-WVEVG;2020-08-19
1074-WVEVG;2021-12-26
1074-WVEVG;2021-08-22
9259-PACGQ;2022-08-07
9259-PACGQ;2022-07-03
9259-PACGQ;2023-02-02
0898-XCGTF;2020-06-23
0898-XCGTF;2021-06-20
0898-XCGTF;2023-07-07
0898-XCGTF;2022-07-29
0822-QGCXA;2022-01-26
2832-KJCRD;2022-11-10
2346-CZYIL;2023-06-03
4940-KHCWD;2019-10-28
4940-KHCWD;2023-09-25
4940-KHCWD;2020-04-25
9412-ARGBX;2022-09-06
9412-ARGBX;2022-09-06
9412-ARGBX;2022-09-06
9412-ARGBX;2022-09-06
9412-ARGBX;2022-09-06
8080-POTJR;2021-12-28
1785-BPHTP;2023-03-30
3768-NLUBH;2022-02-19
3768-NLUBH;2022-01-25
3768-NLUBH;2022-02-08
3768-NLUBH;2022-01-24
7359-SSBJK;2023-10-06
7359-SSBJK;2023-08-18
7359-SSBJK;2023-07-21
7359-SSBJK;2023-10-04
7359-SSBJK;2023-10-01
7558-IMLMT;2020-12-01
7558-IMLMT;2021-06-24
7558-IMLMT;2020-09-25
7957-RYHQD;2022-12-06
7957-RYHQD;2022-09-17
7957-RYHQD;2022-09-04
7957-RYHQD;2022-09-24
7957-RYHQD;2022-10-22
2180-DXNEG;2023-01-05
5515-AKOAJ;2022-08-20
5515-AKOAJ;2022-09-06
5515-AKOAJ;2022-09-06
5515-AKOAJ;2022-08-06
5515-AKOAJ;2022-07-06
4114-QMKVN;2022-12-03
5294-CDGWY;2022-12-25
5294-CDGWY;2023-01-21
5294-CDGWY;2023-01-02
5294-CDGWY;2022-12-05
5294-CDGWY;2023-01-23
7931-PXHFC;2023-06-15
7931-PXHFC;2023-05-31
7931-PXHFC;2023-06-07
7931-PXHFC;2023-06-01
3990-QYKBE;2023-08-27
3990-QYKBE;2023-08-19
3990-QYKBE;2023-08-01
3990-QYKBE;2023-08-17
3990-QYKBE;2023-08-16
3090-HAWSU;2023-12-06
3090-HAWSU;2023-12-07
3090-HAWSU;2023-12-18
3090-HAWSU;2023-12-22
3090-HAWSU;2023-12-12
5204-QZXPU;2023-02-26
5204-QZXPU;2023-06-14
1320-GVNHT;2018-05-01
1320-GVNHT;2023-06-18
1320-GVNHT;2021-06-14
1320-GVNHT;2022-02-25
1320-GVNHT;2019-10-20
8071-SBTRN;2021-10-20
1113-IUJYX;2022-03-16
8992-JQYUN;2022-05-01
0617-AQNWT;2023-11-16
0617-AQNWT;2023-09-09
0617-AQNWT;2023-09-16
0617-AQNWT;2023-09-03
0617-AQNWT;2023-11-06
3005-NFMTA;2022-06-30
3005-NFMTA;2022-07-29
3005-NFMTA;2022-10-14
3005-NFMTA;2022-12-28
4078-SAYYN;2022-12-14
9079-YEXQJ;2023-08-31
9079-YEXQJ;2023-10-04
9079-YEXQJ;2023-09-19
9079-YEXQJ;2024-01-19
9079-YEXQJ;2023-08-03
2685-SREOM;2022-12-15
2685-SREOM;2022-12-20
0402-CQAJN;2022-11-21
0402-CQAJN;2022-11-17
1195-OIYEJ;2023-04-07
1195-OIYEJ;2023-04-07
6341-AEVKX;2021-11-17
1400-MMYXY;2022-08-24
0530-IJVDB;2018-10-16
0530-IJVDB;2019-07-03
0530-IJVDB;2018-09-17
0530-IJVDB;2021-02-18
0508-SQWPL;2020-02-20
0508-SQWPL;2022-07-03
0508-SQWPL;2023-02-28
7142-HVGBG;2022-07-18
7142-HVGBG;2022-03-04
7142-HVGBG;2022-02-18
7142-HVGBG;2022-05-08
8267-ZNYVZ;2021-12-07
8267-ZNYVZ;2021-11-28
8267-ZNYVZ;2021-10-28
0357-NVCRI;2022-02-19
0357-NVCRI;2022-11-17
5996-EBTKM;2023-05-17
2314-TNDJQ;2018-07-20
2314-TNDJQ;2022-07-07
6797-LNAQX;2022-10-23
6797-LNAQX;2022-11-14
6797-LNAQX;2022-08-11
6797-LNAQX;2022-10-14
6797-LNAQX;2022-07-30
6797-LNAQX;2022-09-20
2750-BJLSB;2021-10-13
2750-BJLSB;2020-11-25
2750-BJLSB;2023-06-03
2750-BJLSB;2021-10-31
6394-MFYNG;2024-02-26
6394-MFYNG;2024-02-26
6394-MFYNG;2024-02-26
6394-MFYNG;2024-02-26
6394-MFYNG;2024-02-26
4690-PKDQG;2023-04-21
4690-PKDQG;2023-12-15
0886-QGENL;2023-11-14
0886-QGENL;2023-11-20
8739-WWKDU;2023-08-26
8739-WWKDU;2023-09-03
7240-FQLHE;2022-07-21
6664-FPDAC;2021-11-23
6664-FPDAC;2022-05-28
6664-FPDAC;2022-05-01
6664-FPDAC;2021-12-02
6664-FPDAC;2022-01-17
6664-FPDAC;2022-03-05
0786-VSSUD;2023-07-02
8468-FZTOE;2023-02-25
8468-FZTOE;2019-01-15
8468-FZTOE;2021-07-02
8468-FZTOE;2019-08-18
8468-FZTOE;2019-05-23
8468-FZTOE;2021-06-19
8468-FZTOE;2023-12-19
3976-BWUCK;2023-03-29
3976-BWUCK;2022-12-15
3976-BWUCK;2023-03-20
3976-BWUCK;2023-02-12
6583-QGCSI;2022-03-28
6583-QGCSI;2022-04-20
6583-QGCSI;2022-05-10
6583-QGCSI;2022-04-20
6583-QGCSI;2022-04-25
4174-LPGTI;2022-04-10
4174-LPGTI;2022-03-13
4174-LPGTI;2021-12-14
4174-LPGTI;2022-04-20
2108-XWMPY;2023-01-13
0093-XWZFY;2022-03-04
0093-XWZFY;2022-03-23
0093-XWZFY;2022-04-27
0093-XWZFY;2022-04-20
0093-XWZFY;2022-02-04
2274-XUATA;2021-08-01
2274-XUATA;2020-03-23
2274-XUATA;2019-08-19
0639-TSIQW;2021-11-16
0639-TSIQW;2022-04-15
0639-TSIQW;2022-02-12
0639-TSIQW;2022-01-02
0639-TSIQW;2022-02-15
0639-TSIQW;2022-03-15
0639-TSIQW;2022-03-16
2234-XADUH;2020-04-18
2234-XADUH;2023-03-03
2234-XADUH;2019-12-28
2234-XADUH;2018-06-18
2234-XADUH;2020-07-10
