biggest_funding_amount_corrected,biggest_funding_amount_share_of_total_funding_corrected,average_funding_size_corrected,days_per_funding_corrected,Funding_duration_days_corrected,funding_total_corrected,average_days_per_milestone_corrected,days_from_first_to_last_milestone_corrected,Funnding_rounds_corrected,amount_milestones_corrected,Is_Successful,state,BusinessField,NumContributors,NumPartners
366102,97,125000,91,275,375000,247,743,3,3,1,CA,music,1,3
32074728,79,10025000,444,1778,40100000,0,0,4,1,1,CA,enterprise,4,9
2600000,100,2600000,0,0,2600000,136,273,1,2,1,CA,web,4,5
29971508,74,13333333,265,797,40000000,0,0,3,1,1,CA,software,3,5
1114290,85,650000,304,609,1300000,0,0,2,1,0,CA,games_video,1,2
7500000,100,7500000,0,0,7500000,0,0,1,1,0,CA,network_hosting,3,3
25385836,97,8666666,424,1274,26000000,658,1317,3,2,1,CA,software,1,6
12189403,35,11366666,622,1867,34100000,213,641,3,3,1,CA,finance,3,25
8137354,84,3216666,915,2747,9650000,181,726,3,4,1,MA,mobile,4,13
5142471,89,1916666,366,1100,5750000,291,1167,3,4,1,CA,web,1,14
23138564,84,9166666,586,1760,27500000,62,188,3,3,1,CA,mobile,1,22
2860343,27,2080000,310,1552,10400000,953,1907,5,2,0,CA,web,1,8
350000,100,350000,0,0,350000,,,1,,0,KY,web,1,0
6390299,64,3316666,294,882,9950000,436,1308,3,3,1,NY,education,2,15
10331219,96,2140000,316,1581,10700000,0,0,5,1,1,CO,software,2,12
200000,100,200000,0,0,200000,,,1,,0,VA,public_relations,1,0
24699181,50,9800000,305,1525,49000000,0,0,5,1,0,CA,security,3,8
9535617,38,6250000,235,942,25000000,1603,4810,4,3,1,CA,games_video,3,7
2277843,49,1525000,102,306,4575000,209,627,3,3,1,NY,web,5,10
18933208,67,14000000,60,120,28000000,49,148,2,3,0,CA,enterprise,1,13
2623005,60,2177500,287,574,4355000,658,1975,2,3,1,TX,software,1,8
15000000,100,15000000,0,0,15000000,0,0,1,1,0,WA,other,1,3
3170000,100,3170000,0,0,3170000,0,0,1,1,0,CA,web,2,1
1201314,52,1150000,787,1575,2300000,239,718,2,3,0,CA,mobile,2,4
291688,64,227500,15,31,455000,,,2,,0,CO,public_relations,1,5
13000000,100,13000000,0,0,13000000,0,0,1,1,1,IL,software,4,3
15000000,100,15000000,0,0,15000000,0,0,1,1,1,CA,public_relations,4,7
3800000,100,3800000,0,0,3800000,220,661,1,3,1,CA,photo_video,2,2
214294029,71,59900000,147,739,299500000,136,272,5,2,1,TX,web,1,37
1000000,100,1000000,0,0,1000000,679,2039,1,3,1,CA,hardware,2,5
10028387,95,5250000,148,296,10500000,0,0,2,1,0,CA,other,2,3
5522288,64,4300000,185,370,8600000,0,0,2,1,1,WA,public_relations,1,6
4894284,97,2500000,399,798,5000000,,,2,,0,NC,software,1,9
2022781,87,1152499,158,317,2304999,320,640,2,2,1,CA,mobile,5,3
25000,100,25000,0,0,25000,,,1,,0,PA,security,1,2
4000000,100,4000000,0,0,4000000,0,0,1,1,0,NY,software,1,1
11098758,76,7300000,178,356,14600000,405,1216,2,3,0,CA,software,2,8
39608204,90,14666666,564,1693,44000000,,,3,,0,CA,hardware,4,0
1619845,88,607640,302,906,1822922,504,1512,3,3,1,CA,ecommerce,2,10
11649653,38,4273571,307,2155,29915001,240,1203,7,5,1,NY,advertising,2,18
13290701,40,8250000,438,1753,33000000,284,1422,4,5,1,GA,enterprise,3,26
110603,88,62500,106,213,125000,2,4,2,2,1,NH,mobile,1,9
3396533,84,2000000,416,833,4000000,84,168,2,2,0,CA,travel,1,7
10000000,100,10000000,0,0,10000000,326,979,1,3,1,WA,enterprise,2,10
6000000,100,6000000,0,0,6000000,135,541,1,4,1,CA,advertising,3,25
25000000,100,25000000,0,0,25000000,,,1,,1,CA,software,5,4
3122167,83,1250000,246,740,3750000,232,697,3,3,1,NY,fashion,2,2
3000000,100,3000000,0,0,3000000,99,199,1,2,1,MA,software,1,9
663013,57,577500,182,365,1155000,55,110,2,2,1,CA,software,9,6
10000000,100,10000000,0,0,10000000,479,959,1,2,1,CA,software,2,11
3000000,100,3000000,0,0,3000000,0,0,1,1,1,CA,web,1,5
9561038,83,5750000,101,202,11500000,155,466,2,3,1,MA,mobile,1,4
5000000,100,5000000,0,0,5000000,312,1560,1,5,1,TX,web,3,12
21538218,74,14500000,297,594,29000000,0,0,2,1,1,MA,public_relations,5,9
27063259,77,5783333,338,2030,34700000,323,1295,6,4,1,CA,enterprise,5,37
10419169,86,6025000,422,844,12050000,,,2,,0,CA,software,1,0
5819607,48,4000000,316,948,12000000,502,1004,3,2,1,CA,analytics,2,13
5500000,100,5500000,0,0,5500000,0,0,1,1,1,CA,consulting,2,18
18643407,77,8000000,263,790,24000000,215,861,3,4,1,CA,software,3,10
6255633,62,5000000,180,360,10000000,983,1966,2,2,1,MO,mobile,4,6
9041228,47,6336557,993,2981,19009671,0,0,3,1,0,MA,biotech,2,10
5000000,100,5000000,0,0,5000000,0,0,1,1,0,CA,cleantech,1,6
13307965,70,3782915,383,1919,18914576,0,0,5,1,1,WA,enterprise,3,2
4000000,100,4000000,0,0,4000000,,,1,,0,FL,software,1,0
2016864,99,676960,177,532,2030882,266,533,3,2,1,MA,software,3,5
5000000,100,5000000,0,0,5000000,1349,2698,1,2,1,CA,cleantech,1,4
20500000,100,20500000,0,0,20500000,,,1,,0,WA,software,1,5
9179702,69,6625000,467,934,13250000,283,1135,2,4,1,CO,advertising,2,4
12000000,100,12000000,0,0,12000000,0,0,1,1,1,CA,security,2,7
7062853,61,3829895,205,617,11489687,57,115,3,2,1,CA,advertising,3,9
4000000,100,4000000,0,0,4000000,159,478,1,3,1,CA,web,3,15
355000,100,355000,0,0,355000,0,0,1,1,1,CA,software,1,3
115739,98,59000,45,90,118000,352,1058,2,3,1,FL,web,1,10
27579057,68,10100000,699,2799,40400000,376,1129,4,3,1,CA,advertising,1,17
3000000,100,3000000,0,0,3000000,,,1,,0,TX,software,1,1
16795321,85,9850000,238,476,19700000,0,0,2,1,0,CA,software,4,2
13331828,74,8900000,5,11,17800000,,,2,,0,CA,software,1,0
32072013,55,19166666,254,762,57500000,84,253,3,3,1,CA,photo_video,4,12
12776318,74,5733333,288,866,17200000,223,1115,3,5,1,NY,games_video,2,10
333071,72,65326,100,703,457282,282,565,7,2,0,MA,mobile,1,4
9499660,51,4625000,187,750,18500000,103,310,4,3,1,CA,mobile,2,11
12000000,100,12000000,0,0,12000000,,,1,,0,NJ,cleantech,6,2
447067264,87,255000000,81,162,510000000,107,322,2,3,0,CO,cleantech,1,5
9456773,51,9125000,136,273,18250000,0,0,2,1,1,CA,search,2,3
31905459,76,10375004,317,1269,41500019,281,1409,4,5,1,NY,music,4,13
1000000,100,1000000,0,0,1000000,,,1,,0,WV,software,3,1
5000000,100,5000000,0,0,5000000,306,612,1,2,1,CA,web,1,7
33476802,78,14233333,338,1014,42700000,0,0,3,1,0,MI,cleantech,3,2
12000000,100,12000000,0,0,12000000,,,1,,0,CA,ecommerce,9,7
11909144,53,11150000,105,211,22300000,1117,2235,2,2,1,WA,software,4,5
9632114,96,5000000,706,1412,10000000,0,0,2,1,1,CA,semiconductor,4,5
9531859,61,5188197,425,1277,15564591,,,3,,0,DC,advertising,3,1
500000,100,500000,0,0,500000,399,799,1,2,1,CA,web,5,7
6896878,77,4475000,223,447,8950000,153,306,2,2,1,CA,analytics,7,24
38543524,69,13837500,280,1121,55350000,149,298,4,2,1,NY,finance,4,8
4000000,100,4000000,0,0,4000000,,,1,,0,CA,public_relations,3,1
6514969,60,2152864,351,1758,10764323,200,601,5,3,1,IL,software,2,3
5500000,100,5500000,0,0,5500000,0,0,1,1,0,NJ,software,3,1
400000,100,400000,0,0,400000,565,1131,1,2,1,CA,social,3,7
46516686,86,18000000,275,826,54000000,,,3,,0,CA,cleantech,2,3
32000000,100,32000000,0,0,32000000,,,1,,0,GA,software,7,2
13000000,100,13000000,0,0,13000000,,,1,,1,WA,software,4,1
7511837,60,4166666,144,433,12500000,,,3,,1,WA,software,2,5
27505114,72,9516142,541,2165,38064570,1329,2658,4,2,1,CA,security,3,16
3860192,64,3000000,319,639,6000000,443,886,2,2,1,CA,web,4,21
3768261,75,2500000,432,864,5000000,306,1836,2,6,0,VA,web,1,4
28243048,47,19666666,864,2594,59000000,596,1788,3,3,1,VA,software,2,9
1000000,100,1000000,0,0,1000000,189,378,1,2,0,IL,web,1,2
600000,100,600000,0,0,600000,656,1969,1,3,1,CA,web,7,5
62552439,50,62500000,55,111,125000000,72,145,2,2,0,CT,mobile,2,0
1670846,60,1375000,384,769,2750000,422,1268,2,3,1,CA,web,4,11
16718890,55,15000000,331,663,30000000,,,2,,1,CA,network_hosting,2,1
7000000,100,7000000,0,0,7000000,,,1,,0,CA,semiconductor,1,0
6100000,100,6100000,0,0,6100000,462,925,1,2,1,CA,search,4,10
1484362,70,700000,169,507,2100000,132,264,3,2,0,CA,enterprise,1,12
2228002,86,1282500,65,130,2565000,306,918,2,3,1,CA,mobile,3,10
2000000,100,2000000,0,0,2000000,,,1,,0,CA,biotech,1,0
11953526,53,7466666,380,1140,22400000,0,0,3,1,1,NC,network_hosting,3,3
6250000,100,6250000,0,0,6250000,0,0,1,1,1,NY,ecommerce,1,12
575000,100,575000,0,0,575000,202,405,1,2,1,NY,web,6,4
33687,63,26500,106,212,53000,0,0,2,1,0,MA,web,1,1
8798930,92,4750000,339,679,9500000,117,235,2,2,1,CA,ecommerce,2,6
3163379,90,1750000,286,572,3500000,365,731,2,2,0,TX,enterprise,1,7
9491138,90,3500000,88,264,10500000,528,1584,3,3,1,NY,photo_video,6,14
23320832,34,8562500,166,1335,68500000,111,445,8,4,1,CA,cleantech,2,14
50046693,58,17076222,282,1413,85381111,,,5,,1,MA,biotech,4,2
74280650,74,33333333,213,640,100000000,395,1186,3,3,1,MD,web,2,6
83015,66,62500,456,912,125000,167,334,2,2,0,PA,advertising,1,3
6991909,65,5300000,350,700,10600000,0,0,2,1,0,VA,mobile,3,2
19240552,73,8700000,367,1102,26100000,0,0,3,1,1,CA,semiconductor,3,2
30000000,100,30000000,0,0,30000000,0,0,1,1,1,NY,web,5,2
99534,74,44295,86,260,132885,15,30,3,2,0,IL,games_video,1,6
5733721,60,3166666,441,1323,9500000,953,1907,3,2,1,CA,software,2,9
18000000,100,18000000,0,0,18000000,0,0,1,1,1,CA,network_hosting,7,9
690000,100,690000,0,0,690000,0,0,1,1,0,OH,web,3,4
15612565,62,8377203,102,307,25131611,,,3,,1,GA,mobile,1,1
2000000,100,2000000,0,0,2000000,,,1,,0,CA,hardware,1,1
57352192,72,26250000,616,1848,78750000,380,760,3,2,1,MA,biotech,3,4
21825126,45,9700000,303,1516,48500000,423,1269,5,3,1,CA,advertising,2,27
15000000,100,15000000,0,0,15000000,518,1037,1,2,0,CA,network_hosting,1,12
34320206,46,14800000,319,1598,74000000,,,5,,1,CA,analytics,5,13
13338637,88,7500000,289,578,15000000,0,0,2,1,1,CA,software,3,6
41626876,92,15000000,233,699,45000000,269,809,3,3,0,NY,games_video,1,8
4410000,100,4410000,0,0,4410000,0,0,1,1,1,CA,mobile,1,4
2663720,59,2250000,163,327,4500000,123,247,2,2,1,VA,web,2,9
5144494,46,3680000,257,772,11040000,185,371,3,2,1,CA,software,2,11
1600000,100,1600000,0,0,1600000,295,591,1,2,1,CA,games_video,3,6
8654854,96,4500000,83,167,9000000,0,0,2,1,1,NY,software,4,3
2583177,78,1094109,163,491,3282327,671,1342,3,2,1,CA,analytics,2,4
16780750,67,12350000,0,0,24700000,424,2120,2,5,1,CA,web,4,5
5608965,63,4400000,217,434,8800000,,,2,,0,GA,semiconductor,1,2
1700000,100,1700000,0,0,1700000,0,0,1,1,0,CA,web,1,1
20000,100,20000,0,0,20000,142,284,1,2,0,CA,web,1,1
8658303,75,5750000,331,663,11500000,244,1223,2,5,1,CA,mobile,2,10
60159536,61,14024285,371,2598,98170000,841,2525,7,3,0,CA,mobile,5,12
1350000,100,1350000,0,0,1350000,235,707,1,3,1,CA,web,10,2
940261,100,940261,0,0,940261,707,1414,1,2,1,IL,software,1,17
2527339,63,2000000,366,732,4000000,0,2,2,3,1,MA,web,3,12
5000000,100,5000000,0,0,5000000,0,0,1,1,0,CA,web,1,5
20000,100,20000,0,0,20000,0,0,1,1,0,VA,web,1,3
12500000,100,12500000,0,0,12500000,0,0,1,1,1,WA,network_hosting,3,5
4168820,57,1445740,242,1210,7228704,3,6,5,2,0,CO,finance,1,0
31558200,57,27500000,287,574,55000000,0,0,2,1,0,IL,biotech,4,5
13049379,85,3795000,415,1661,15180000,,,4,,1,CA,enterprise,1,5
25258682,84,15000000,197,395,30000000,300,601,2,2,0,CA,software,2,4
13442618,92,7250000,26,53,14500000,173,519,2,3,1,TX,network_hosting,1,11
6500000,100,6500000,0,0,6500000,217,652,1,3,1,CA,advertising,3,6
15000,100,15000,0,0,15000,0,0,1,1,0,TN,web,1,2
1394546,29,941182,210,1050,4705910,306,918,5,3,1,NY,mobile,3,5
3000000,100,3000000,0,0,3000000,300,601,1,2,1,CA,games_video,1,6
113370187,90,20875000,253,1523,125250000,277,1386,6,5,1,NY,web,3,30
1432378,98,362499,335,1340,1449998,158,476,4,3,0,NY,social,1,8
5079367,84,3000000,90,180,6000000,238,716,2,3,1,MA,mobile,6,5
19901488,70,9400000,507,1522,28200000,,,3,,1,MN,medical,3,7
12137141,86,7000000,316,632,14000000,0,0,2,1,1,CA,software,2,5
3000000,100,3000000,0,0,3000000,51,103,1,2,0,TX,enterprise,1,14
1883758,84,1119027,45,91,2238055,0,0,2,1,0,WA,enterprise,1,6
4382523,84,2600000,287,574,5200000,60,121,2,2,0,CA,photo_video,1,5
75000000,100,75000000,0,0,75000000,240,960,1,4,1,PA,ecommerce,1,4
12606113,51,6125000,324,1299,24500000,138,553,4,4,0,MA,software,1,13
1979643,44,1492057,388,1166,4476171,,,3,,0,CA,advertising,2,3
5272697,50,3466667,233,701,10400001,373,1119,3,3,1,TX,web,6,21
36289287,53,22800000,359,1077,68400000,0,0,3,1,1,CO,network_hosting,6,8
14024946,92,7600000,311,622,15200000,,,2,,1,CA,software,2,13
500848,56,445000,176,353,890000,,,2,,0,NY,mobile,3,2
2600000,100,2600000,0,0,2600000,,,1,,0,CA,mobile,1,0
1226270,100,1226270,0,0,1226270,47,94,1,2,1,IL,enterprise,1,7
8728047,96,4500000,283,566,9000000,0,0,2,1,1,CA,web,1,5
3085518,42,1802552,317,1269,7210210,0,0,4,1,1,CA,enterprise,1,4
14723044,93,7850000,73,147,15700000,0,0,2,1,1,CA,automotive,3,15
9922396,65,7525000,115,230,15050000,0,0,2,1,1,MA,software,2,4
2227364,63,1750000,365,731,3500000,538,1076,2,2,1,CA,games_video,3,5
39011203,90,21500000,159,319,43000000,0,0,2,1,0,CA,software,1,2
43674111,76,28500000,342,685,57000000,415,830,2,2,1,CA,web,3,7
1300000,100,1300000,0,0,1300000,308,1234,1,4,1,CA,web,4,8
32007647,45,17437500,267,1068,69750000,515,2062,4,4,1,CA,games_video,5,15
14051032,96,7250000,365,731,14500000,140,281,2,2,1,MA,advertising,2,16
40323001,84,24000000,273,547,48000000,,,2,,0,CA,hardware,6,2
2019569,57,1754231,354,708,3508462,,,2,,0,PA,medical,3,3
13930344,71,6500000,259,777,19500000,0,0,3,1,1,CA,software,3,10
3750000,100,3750000,0,0,3750000,70,210,1,3,1,CA,mobile,9,5
45000000,100,45000000,0,0,45000000,,,1,,0,IL,web,2,1
18319163,56,8125000,433,1732,32500000,417,1252,4,3,0,NC,enterprise,2,8
3726427,76,2450000,1186,2373,4900000,575,2877,2,5,1,PA,enterprise,1,4
6051766,50,6000000,166,333,12000000,119,358,2,3,0,CA,advertising,2,4
3602001,50,2391666,264,793,7175000,145,875,3,6,1,CA,web,2,12
3203358,68,2350000,60,120,4700000,483,1935,2,4,0,CA,web,1,3
120000,100,120000,0,0,120000,,,1,,0,CA,public_relations,2,3
8822263,88,3333333,430,1291,10000000,224,448,3,2,1,CA,advertising,1,10
27702172,71,9750000,489,1956,39000000,,,4,,0,TX,semiconductor,3,0
15506548,96,8050000,326,653,16100000,,,2,,1,MA,software,2,3
2844333,86,1650000,153,306,3300000,343,1031,2,3,1,CA,advertising,2,4
750000,100,750000,0,0,750000,64,193,1,3,1,CA,analytics,9,6
665859,66,500000,0,0,1000000,,,2,,0,GA,software,2,0
7410000,100,7410000,0,0,7410000,,,1,,0,NY,biotech,3,3
35204149,66,17600000,427,1283,52800000,,,3,,1,CA,semiconductor,5,5
22445630,60,12333333,541,1624,37000000,278,1113,3,4,0,CA,software,1,33
7433729,52,4743332,316,949,14229998,91,275,3,3,1,CA,web,3,14
2959101,98,1500000,313,626,3000000,369,739,2,2,1,CA,messaging,2,7
20000000,100,20000000,0,0,20000000,0,0,1,1,1,NY,advertising,1,10
1480724,74,1000000,246,492,2000000,53,161,2,3,1,RI,advertising,1,6
10097214,50,9950000,415,830,19900000,140,280,2,2,1,DC,software,2,3
1500000,100,1500000,0,0,1500000,0,0,1,1,0,CA,ecommerce,1,6
325000,100,325000,0,0,325000,0,0,1,1,0,CA,cleantech,4,4
3500000,100,3500000,0,0,3500000,98,197,1,2,0,CA,enterprise,1,16
11917065,39,7500000,217,870,30000000,476,952,4,2,0,WA,network_hosting,2,7
50000000,100,50000000,0,0,50000000,,,1,,1,CA,biotech,6,1
2000000,100,2000000,0,0,2000000,85,171,1,2,1,NY,ecommerce,3,5
55717184,77,12000000,263,1581,72000000,398,797,6,2,1,CA,advertising,2,25
12173803,43,9230182,506,1520,27690547,0,0,3,1,1,CA,cleantech,4,4
9000000,100,9000000,0,0,9000000,,,1,,0,TX,semiconductor,4,32
7207866,96,3750000,191,382,7500000,122,367,2,3,1,CA,enterprise,3,12
8837433,88,5000000,147,294,10000000,0,0,2,1,1,TX,software,2,9
4837641,81,1491250,478,1912,5965000,0,0,4,1,1,CA,software,1,7
4000000,100,4000000,0,0,4000000,717,2870,1,4,1,CA,mobile,1,9
5000000,100,5000000,0,0,5000000,0,0,1,1,0,MI,advertising,1,2
11500000,100,11500000,0,0,11500000,418,836,1,2,1,CA,advertising,2,15
1017910,96,525000,203,406,1050000,0,0,2,1,0,IL,web,1,2
4655659,84,2750000,34,68,5500000,361,723,2,2,1,NY,web,2,13
3120385,62,1666666,243,731,5000000,205,821,3,4,1,PA,advertising,1,17
3508070,94,1850000,306,612,3700000,367,1103,2,3,0,CA,enterprise,3,11
6997748,99,3500000,327,655,7000000,,,2,,0,CA,software,1,4
20376676,63,16000000,167,334,32000000,165,662,2,4,0,MA,network_hosting,3,14
5166300,65,2633333,428,1284,7900000,71,142,3,2,1,MA,advertising,2,8
77513569,96,16000000,409,2048,80000000,566,1699,5,3,1,CA,network_hosting,2,16
5000000,100,5000000,0,0,5000000,0,0,1,1,0,TX,mobile,1,1
1425725,67,1050000,399,798,2100000,632,1896,2,3,1,WA,security,1,5
12451038,55,5562500,382,1530,22250000,0,0,4,1,1,MD,enterprise,2,6
1765290,89,987500,175,351,1975000,2989,5978,2,2,1,OR,enterprise,3,6
1000000,100,1000000,0,0,1000000,134,268,1,2,1,NY,web,1,0
35000000,100,35000000,0,0,35000000,,,1,,0,PA,cleantech,1,0
80541732,90,12664447,221,1549,88651133,142,711,7,5,1,NY,mobile,3,12
26000000,100,26000000,0,0,26000000,,,1,,1,MA,semiconductor,2,3
100000,100,100000,0,0,100000,138,276,1,2,0,CA,games_video,1,3
5000000,100,5000000,0,0,5000000,134,404,1,3,1,CO,mobile,1,6
4227661,57,3650000,269,538,7300000,,,2,,0,GA,biotech,3,5
49957683,77,21360000,514,1542,64080000,1233,2467,3,2,1,CA,biotech,4,8
5593569,96,2900000,70,140,5800000,329,658,2,2,1,RI,enterprise,4,8
74433641,83,22375000,159,639,89500000,14,28,4,2,0,CA,finance,1,6
10105031,43,5837500,426,1705,23350000,197,395,4,2,1,CA,games_video,3,11
8478000,62,6750000,415,831,13500000,,,2,,1,MA,software,2,7
19545077,79,12250000,141,282,24500000,4,9,2,2,1,MA,security,5,13
10000000,100,10000000,0,0,10000000,0,0,1,1,0,CA,public_relations,4,2
8500000,100,8500000,0,0,8500000,,,1,,0,UT,other,1,3
6000000,100,6000000,0,0,6000000,,,1,,0,TX,cleantech,1,0
2000000,100,2000000,0,0,2000000,0,0,1,1,1,CA,software,2,3
2372700,57,2050000,150,301,4100000,203,406,2,2,1,TX,enterprise,1,3
6200000,100,6200000,0,0,6200000,581,2324,1,4,1,CA,search,2,5
6480189,52,6125000,271,543,12250000,0,0,2,1,1,CA,advertising,2,8
6486122,55,5862800,306,612,11725600,549,1099,2,2,1,CA,mobile,2,3
12891288,80,8000000,276,553,16000000,,,2,,0,MA,software,1,1
2993341,59,1685519,232,696,5056559,290,581,3,2,1,WA,mobile,1,10
100000,100,100000,0,0,100000,248,745,1,3,1,CA,web,1,9
47040653,68,22733333,563,1691,68200000,523,1569,3,3,1,CA,hardware,4,11
30462424,92,11000000,635,1905,33000000,0,0,3,1,1,CA,enterprise,3,5
3138247,93,1117398,184,553,3352194,45,90,3,2,0,NC,analytics,9,8
1166380,52,1106000,91,182,2212000,365,730,2,2,1,NY,analytics,3,5
19389399,97,4950000,126,507,19800000,,,4,,1,CA,biotech,5,1
4282371,95,2250000,49,98,4500000,11,22,2,2,0,CA,web,3,6
7672853,54,7000000,0,1,14000000,0,0,2,1,1,MA,software,1,2
100000,100,100000,0,0,100000,60,121,1,2,0,FL,social,1,4
5759353,58,4950000,195,391,9900000,427,854,2,2,1,CA,software,2,4
5409314,71,2533333,616,1848,7600000,144,288,3,2,1,CA,advertising,5,10
50000,100,50000,0,0,50000,0,0,1,1,0,CA,games_video,2,2
650000,100,650000,0,0,650000,,,1,,0,CA,public_relations,1,3
7720350,73,3500000,220,661,10500000,38,114,3,3,0,CA,mobile,2,8
500000,100,500000,0,0,500000,167,335,1,2,1,CA,web,1,12
22590957,92,12150000,385,770,24300000,996,2988,2,3,1,CA,web,2,2
12572220,69,9000000,70,140,18000000,0,0,2,1,0,CA,hardware,1,6
16544602,63,8666666,351,1055,26000000,198,991,3,5,1,CA,messaging,3,27
8861598,93,4750000,509,1018,9500000,,,2,,0,CA,hardware,3,2
16980999,100,16980999,0,0,16980999,0,0,1,1,1,MD,biotech,1,6
5000000,100,5000000,0,0,5000000,439,878,1,2,0,CA,games_video,3,2
350000,100,350000,0,0,350000,,,1,,0,WA,hardware,1,3
9946561,75,2626000,272,1363,13130000,0,0,5,1,0,MA,web,1,1
20000000,100,20000000,0,0,20000000,515,1030,1,2,0,WA,software,1,1
16684737,62,8833333,340,1020,26500000,449,1799,3,4,1,MA,mobile,2,18
11729377,78,7500000,74,148,15000000,,,2,,1,MA,enterprise,5,4
2600000,100,2600000,0,0,2600000,,,1,,0,MD,public_relations,1,0
8034396,37,5367500,331,1327,21470000,,,4,,0,CA,cleantech,1,1
20000,100,20000,0,0,20000,107,215,1,2,0,TX,mobile,1,5
3457453,96,1800000,121,243,3600000,598,1795,2,3,0,CA,web,1,10
7600468,27,3900000,334,2343,27300000,36,144,7,4,1,NY,games_video,2,23
2600000,100,2600000,0,0,2600000,0,0,1,1,1,CA,ecommerce,2,8
5000000,100,5000000,0,0,5000000,257,515,1,2,0,CA,web,1,5
11066834,65,8500000,267,535,17000000,466,933,2,2,1,CA,mobile,3,2
662000,100,662000,0,0,662000,,,1,,0,ME,manufacturing,3,0
2208857,58,1875000,187,374,3750000,132,265,2,2,1,NY,hospitality,4,12
41735026,92,11250000,527,2110,45000000,178,1426,4,8,1,CA,news,4,57
5684290,84,3350000,361,722,6700000,299,1196,2,4,1,NY,music,8,9
12193126,58,6916666,450,1352,20750000,451,903,3,2,1,CA,hardware,2,12
18155999,95,4750000,578,2315,19000000,,,4,,1,CA,games_video,2,5
18557829,82,7500000,132,396,22500000,,,3,,1,CA,search,4,20
6438083,88,2433333,315,947,7300000,184,554,3,3,1,CA,advertising,2,10
15560005,58,3770117,369,2583,26390819,193,580,7,3,0,WA,web,1,16
10000000,100,10000000,0,0,10000000,,,1,,1,WA,software,3,4
31000,100,31000,0,0,31000,0,0,1,1,0,NY,web,2,1
14902287,69,7166666,119,358,21500000,401,1605,3,4,1,CA,mobile,3,16
4000000,100,4000000,0,0,4000000,0,0,1,1,1,CO,security,5,5
7649836,81,3133333,389,1169,9400000,94,378,3,4,1,CA,games_video,4,5
5599979,99,1866666,254,762,5600000,284,1138,3,4,1,NY,web,2,9
4668215,77,3000000,190,381,6000000,345,691,2,2,1,CA,finance,2,9
56150876,92,15176092,729,2917,60704370,215,646,4,3,1,GA,transportation,2,35
1193075,59,666666,282,846,2000000,107,214,3,2,1,CA,sports,3,16
763849,76,500000,45,91,1000000,140,422,2,3,1,CA,finance,5,5
191388,95,100000,51,102,200000,110,221,2,2,0,PA,games_video,2,3
2300000,100,2300000,0,0,2300000,340,680,1,2,0,CA,cleantech,1,2
1000000,100,1000000,0,0,1000000,243,974,1,4,0,CA,mobile,1,5
14505848,58,4950000,359,1795,24750000,249,749,5,3,1,CA,music,2,13
11578580,90,6400000,701,1402,12800000,0,0,2,1,0,IL,software,2,15
23843765,78,15250000,426,853,30500000,0,0,2,1,1,CA,enterprise,4,10
24957973,68,12100000,361,1083,36300000,407,815,3,2,0,CA,automotive,1,3
2805328,41,2231260,111,333,6693782,205,616,3,3,1,CA,real_estate,1,7
20000000,100,20000000,0,0,20000000,,,1,,0,CA,hardware,5,1
11370000,100,11370000,0,0,11370000,236,709,1,3,1,CA,network_hosting,2,8
6252143,37,5500000,249,749,16500000,230,923,3,4,1,CA,web,1,13
250000,100,250000,0,0,250000,0,0,1,1,0,CA,network_hosting,1,3
7689325,53,2880000,208,1041,14400000,277,1389,5,5,1,NY,web,5,9
45355569,50,18000000,288,1444,90000000,47,142,5,3,1,NY,enterprise,3,24
6557829,50,3268750,560,2240,13075000,453,906,4,2,1,CA,advertising,4,10
25207998,96,13000000,15,31,26000000,572,2288,2,4,1,CA,games_video,2,10
8507478,52,8150000,96,193,16300000,274,548,2,2,1,MA,enterprise,2,6
3177411,53,2996158,506,1013,5992316,0,0,2,1,1,TX,enterprise,2,5
58056005,64,22350000,178,713,89400001,,,4,,1,CA,biotech,4,2
1200000,100,1200000,0,0,1200000,0,0,1,1,0,CA,software,1,4
1897287,99,950000,35,71,1900000,325,650,2,2,0,NY,web,2,7
13808656,45,10100000,371,1114,30300000,799,1598,3,2,0,CA,games_video,4,9
500000,100,500000,0,0,500000,,,1,,0,NY,web,5,4
46053769,62,14800000,508,2543,74000000,170,340,5,2,1,CA,network_hosting,1,19
18800000,100,18800000,0,0,18800000,,,1,,1,TX,semiconductor,7,3
20000,100,20000,0,0,20000,0,0,1,1,0,MI,web,1,3
3057066,91,837500,184,736,3350000,122,244,4,2,1,VA,mobile,1,3
26100000,100,26100000,0,0,26100000,,,1,,1,NJ,biotech,2,1
946745,78,606533,201,403,1213066,,,2,,0,PA,enterprise,1,0
10546857,43,8010000,411,1233,24030000,507,1521,3,3,1,CA,advertising,3,18
8155005,62,4366666,356,1068,13100000,290,1451,3,5,1,CA,travel,1,14
245969,43,186667,205,615,560001,343,1718,3,5,1,NY,software,3,6
3500000,100,3500000,0,0,3500000,156,469,1,3,1,MN,enterprise,2,7
117818164,96,17357142,382,2680,121500000,190,572,7,3,1,MA,mobile,4,45
33402393,78,10625000,262,1048,42500000,0,0,4,1,1,CA,mobile,2,18
22307075,61,18000000,179,358,36000000,0,0,2,1,1,NC,software,3,26
12170000,100,12170000,0,0,12170000,468,936,1,2,0,CA,enterprise,1,7
1000000,100,1000000,0,0,1000000,334,668,1,2,1,NY,software,3,4
1031490,56,606666,73,219,1820000,658,2635,3,4,1,CA,mobile,1,5
2944005226,51,1425000000,439,1758,5700000000,824,1649,4,2,1,WA,mobile,4,19
5000000,100,5000000,0,0,5000000,2169,4338,1,2,1,TX,security,5,6
10577907,56,9400000,103,207,18800000,0,0,2,1,1,NY,fashion,2,4
38141670,52,36150000,184,368,72300000,,,2,,1,CA,advertising,4,3
884155,67,436666,399,1198,1310000,593,2373,3,4,1,CA,social,1,3
8132272,54,7500000,430,861,15000000,0,0,2,1,0,MA,software,2,2
35770822,91,13002596,302,908,39007789,141,707,3,5,1,NY,enterprise,3,22
25000000,100,25000000,0,0,25000000,0,0,1,1,1,MA,software,5,3
125732,72,57500,214,644,172500,260,520,3,2,1,MA,web,1,4
3805031,62,3050000,81,163,6100000,227,455,2,2,1,NY,social,1,23
33260567,82,13433333,695,2085,40300000,541,2709,3,5,1,CA,mobile,4,7
100000,100,100000,0,0,100000,20,61,1,3,0,CA,ecommerce,1,9
9232007,47,3877999,376,1882,19389998,518,1036,5,2,1,WA,education,1,14
54401709,88,30750000,426,853,61500000,773,2321,2,3,1,CA,hardware,4,21
6000000,100,6000000,0,0,6000000,313,626,1,2,1,CA,software,2,6
10293583,53,4775000,457,1828,19100000,147,884,4,6,1,MA,mobile,2,23
3091983,88,874999,167,669,3499997,471,1415,4,3,1,NY,advertising,1,8
1382068,53,866666,75,227,2600000,69,138,3,2,1,CA,network_hosting,3,13
1345480,66,674333,194,582,2023000,125,251,3,2,1,CA,web,1,14
25000000,100,25000000,0,0,25000000,,,1,,1,CA,semiconductor,4,3
31674511,47,16500000,262,1049,66000000,107,431,4,4,1,CA,fashion,2,17
700780,70,500000,5,10,1000000,0,0,2,1,1,NY,advertising,3,5
9328356,71,6500000,134,268,13000000,97,195,2,2,1,CA,mobile,3,11
10942370,45,8050000,771,2314,24150000,279,558,3,2,0,MA,software,2,3
29688437,62,15739499,289,869,47218498,,,3,,0,CA,semiconductor,1,4
7345276,62,5900000,139,278,11800000,1445,2890,2,2,1,MA,search,4,1
1262863,52,1193740,106,212,2387481,0,0,2,1,0,NV,analytics,1,2
17013191,51,8250000,616,2464,33000000,145,729,4,5,1,MA,consulting,2,35
5657997,75,3750000,221,442,7500000,403,1211,2,3,1,VA,software,1,4
25000000,100,25000000,0,0,25000000,0,0,1,1,1,CA,biotech,1,3
22353991,88,6326250,478,1915,25305000,0,0,4,1,1,CA,software,2,7
4175542,84,2475000,194,388,4950000,186,560,2,3,1,CA,web,12,21
41130487,76,8969462,249,1499,53816776,,,6,,1,CA,software,5,8
2785664,79,1750000,197,395,3500000,521,2084,2,4,1,NY,web,5,15
5000000,100,5000000,0,0,5000000,235,471,1,2,1,CA,enterprise,1,7
1645529,65,838333,309,927,2515000,262,786,3,3,1,CA,network_hosting,1,9
7638456,90,4200000,258,516,8400000,304,912,2,3,1,MA,web,2,10
3763232,76,2450000,259,518,4900000,314,944,2,3,0,CA,mobile,1,5
5000000,100,5000000,0,0,5000000,0,0,1,1,0,WA,software,5,3
11000000,100,11000000,0,0,11000000,,,1,,1,NY,public_relations,3,2
28580204,41,17100000,661,2647,68400000,,,4,,1,CA,mobile,4,6
1270759,63,1000000,217,435,2000000,188,377,2,2,1,CA,software,8,7
6811794,63,5400000,229,459,10800000,0,0,2,1,0,NY,enterprise,1,2
35286507,95,7400000,383,1918,37000000,210,630,5,3,1,NY,news,2,31
7660000,100,7660000,0,0,7660000,715,2147,1,3,1,CA,security,6,5
37314328,76,12182500,445,1783,48730000,369,1107,4,3,1,MA,software,3,5
3031440,90,1675000,258,516,3350000,0,0,2,1,0,CA,messaging,2,1
26452545,94,7000000,303,1212,28000000,827,1654,4,2,0,CA,ecommerce,1,3
2500000,100,2500000,0,0,2500000,0,0,1,1,1,TX,analytics,2,5
6277583,78,4000000,152,304,8000000,663,2654,2,4,1,IL,web,4,16
375398,69,270000,195,390,540000,662,1325,2,2,1,NY,web,2,6
2656968,85,1550000,227,455,3100000,405,1620,2,4,1,CA,games_video,2,4
837646,69,600000,225,451,1200000,339,679,2,2,1,NY,mobile,6,8
5000000,100,5000000,0,0,5000000,0,0,1,1,0,NY,games_video,2,2
19089064,51,6179833,408,2449,37079000,0,0,6,1,1,CA,security,3,6
133193466,98,33956593,624,2496,135826373,0,1,4,2,1,MA,other,4,3
4281835,85,2500000,103,206,5000000,,,2,,0,CA,mobile,1,5
2125553,50,1050000,80,320,4200000,303,909,4,3,1,NY,software,3,3
4100000,100,4100000,0,0,4100000,1045,3137,1,3,0,WA,web,1,3
2000000,100,2000000,0,0,2000000,152,305,1,2,0,CA,web,1,3
6500000,100,6500000,0,0,6500000,0,0,1,1,1,CO,software,1,3
4000000,100,4000000,0,0,4000000,,,1,,0,CA,web,3,0
149596,80,37000,55,275,185000,0,0,5,1,0,CA,mobile,2,3
1300000,100,1300000,0,0,1300000,143,286,1,2,1,OR,mobile,1,5
45000000,100,45000000,0,0,45000000,,,1,,1,NY,advertising,1,21
2500000,100,2500000,0,0,2500000,327,983,1,3,1,MA,search,2,4
5305996,57,4600000,393,787,9200000,501,1002,2,2,1,TX,web,1,11
259828,59,108988,121,487,435953,,,4,,0,CA,web,1,0
51163661,92,27800000,182,365,55600000,447,894,2,2,0,CT,network_hosting,2,9
10000000,100,10000000,0,0,10000000,0,0,1,1,1,CO,software,1,2
12000,100,12000,0,0,12000,0,0,1,1,0,WA,games_video,1,3
2103885,93,1128732,10,20,2257464,,,2,,0,MD,biotech,1,3
572763,58,491500,66,132,983000,415,831,2,2,1,NY,messaging,6,4
20663317,50,20500000,193,387,41000000,208,416,2,2,1,CA,fashion,1,15
8877771,97,3033333,230,690,9100000,,,3,,0,TX,software,1,0
22326769,87,8500033,578,1735,25500100,1087,3261,3,3,0,CA,software,2,6
400000,100,400000,0,0,400000,14,29,1,2,1,CA,web,1,3
14132785,63,2216509,131,1318,22165091,,,10,,1,NY,network_hosting,2,4
500000,100,500000,0,0,500000,482,965,1,2,1,CA,network_hosting,4,4
38038886,54,14000000,381,1906,70000000,218,875,5,4,1,CA,web,2,29
3239628,68,2350000,350,700,4700000,0,0,2,1,1,IL,security,1,6
30000000,100,30000000,0,0,30000000,0,0,1,1,1,MA,ecommerce,2,1
34574758,88,7800000,534,2671,39000000,0,0,5,1,1,MA,software,3,13
21466117,67,10666666,312,936,32000000,0,0,3,1,1,CA,semiconductor,3,10
27517317,65,14000000,126,378,42000000,,,3,,1,MA,advertising,2,7
13850103,56,8170180,607,1821,24510540,978,1956,3,2,1,CA,enterprise,2,5
2500000,100,2500000,0,0,2500000,,,1,,0,CA,software,1,0
8972230,41,7153554,526,1578,21460663,94,188,3,2,1,FL,software,4,1
15000000,100,15000000,0,0,15000000,,,1,,1,NY,games_video,4,6
578246,64,444999,523,1046,889999,703,1407,2,2,0,CA,mobile,3,5
16000000,100,16000000,0,0,16000000,0,0,1,1,1,CA,software,3,6
7000000,100,7000000,0,0,7000000,537,2151,1,4,1,CA,web,2,5
55199,55,50000,0,0,100000,,,2,,0,NY,advertising,1,3
1500000,100,1500000,0,0,1500000,255,766,1,3,1,NY,music,1,13
8000000,100,8000000,0,0,8000000,193,773,1,4,1,WA,web,1,19
2169055,54,2000000,89,179,4000000,195,781,2,4,1,CA,web,3,22
25000,100,25000,0,0,25000,,,1,,0,CA,web,1,3
41336720,63,10771666,400,2400,64630000,174,524,6,3,1,CA,mobile,3,10
7216245,59,6050000,483,967,12100000,0,0,2,1,0,CA,web,1,10
11134323,55,10000000,254,508,20000000,0,0,2,1,1,CA,software,4,9
28157322,56,12400000,670,2683,49600000,0,0,4,1,0,TX,hardware,1,10
33157858,64,10290000,177,889,51450000,0,0,5,1,1,CA,games_video,5,3
5266793,83,3150000,492,985,6300000,0,0,2,1,1,CA,messaging,2,7
200000,100,200000,0,0,200000,260,780,1,3,0,NY,mobile,1,8
20000,100,20000,0,0,20000,0,0,1,1,0,OH,fashion,1,2
8435407,72,5800000,619,1239,11600000,272,818,2,3,1,MA,hardware,2,13
9150000,100,9150000,0,0,9150000,1005,2010,1,2,1,CA,web,2,6
1200000,100,1200000,0,0,1200000,52,104,1,2,0,OH,advertising,4,2
1700000,100,1700000,0,0,1700000,0,0,1,2,0,CA,social,1,4
1158872,81,471666,235,705,1415000,399,1598,3,4,1,CA,social,1,9
2481736,59,2100000,374,748,4200000,368,736,2,2,1,CA,enterprise,1,16
486123,97,250000,131,263,500000,226,452,2,2,1,MA,web,2,7
21500000,100,21500000,0,0,21500000,,,1,,1,TX,public_relations,4,1
9201484,92,5000000,282,564,10000000,385,771,2,2,1,UT,web,2,4
6513963,68,4750000,269,538,9500000,0,0,2,1,0,CA,software,2,7
9649885,69,6937500,407,814,13875001,,,2,,0,NM,cleantech,1,4
275000,100,275000,0,0,275000,0,0,1,1,0,NJ,software,1,5
12896383,65,6581256,602,1807,19743770,0,0,3,1,1,CA,software,2,10
766946,65,235600,141,706,1178000,0,0,5,1,1,MA,software,5,5
14229319,56,8333333,249,747,25000000,324,649,3,2,1,CA,security,2,5
16778956,69,8050000,194,582,24150000,,,3,,1,PA,semiconductor,2,1
56644195,70,40000000,328,656,80000000,0,0,2,1,0,CA,mobile,1,4
23763005,66,18000000,348,697,36000000,656,1970,2,3,1,CA,hardware,3,11
205000,100,205000,0,0,205000,,,1,,0,MO,network_hosting,1,1
27279461,96,7075000,388,1553,28300000,241,967,4,4,1,CA,web,2,27
2000000,100,2000000,0,0,2000000,0,0,1,1,0,CA,web,1,1
9478733,82,5750000,75,151,11500000,391,2350,2,6,1,CA,games_video,1,63
4000000,100,4000000,0,0,4000000,218,437,1,2,0,NY,mobile,1,15
500000,100,500000,0,0,500000,230,461,1,2,0,NY,ecommerce,1,2
4000000,100,4000000,0,0,4000000,501,1003,1,2,0,TX,search,2,9
6780126,75,4515000,443,886,9030000,13,26,2,2,0,NY,web,4,8
27005396,38,17475000,394,1577,69900000,,,4,,1,PA,biotech,4,15
20000,100,20000,0,0,20000,0,0,1,1,0,CA,messaging,1,2
94258957,39,34029999,431,3017,238209999,206,620,7,3,1,IN,software,2,29
7330326,49,4900000,442,1326,14700000,498,997,3,2,1,MA,medical,1,3
295466,68,143333,121,365,430000,328,657,3,2,1,CA,games_video,1,4
771763,76,507500,15,31,1015000,0,0,2,1,1,CA,enterprise,1,5
1200000,100,1200000,0,0,1200000,0,0,1,1,0,CA,web,1,2
16174681,94,8550000,273,547,17100000,397,1589,2,4,1,PA,web,2,16
50000000,100,50000000,0,0,50000000,0,0,1,1,1,CO,web,4,0
900000,100,900000,0,0,900000,,,1,,0,CA,software,1,3
6000000,100,6000000,0,0,6000000,303,606,1,2,0,CA,network_hosting,1,7
12310689,81,7550000,1157,2315,15100000,227,682,2,3,1,NY,advertising,1,5
25216383,40,12520000,575,2876,62600000,946,1892,5,2,1,CA,semiconductor,9,7
6616558,44,3700000,250,1002,14800000,305,917,4,3,1,CA,mobile,2,15
4363949,63,3437500,566,1132,6875000,192,964,2,5,1,CA,web,7,30
30000,100,30000,0,0,30000,,,1,,0,TX,software,1,1
22200000,100,22200000,0,0,22200000,0,0,1,1,0,CA,public_relations,9,10
392932,94,207500,41,83,415000,453,906,2,2,1,CO,network_hosting,1,6
10840811,40,6765945,364,1458,27063781,155,620,4,4,1,NY,web,3,16
3100000,100,3100000,0,0,3100000,0,0,1,1,1,CA,advertising,5,6
30123254,91,16500000,205,411,33000000,382,1530,2,4,0,CA,search,1,13
9095996,52,5800000,271,813,17400000,1202,2405,3,2,1,CA,web,5,2
26004677,91,5660000,247,1236,28300000,302,1210,5,4,1,CA,web,2,17
36896236,78,11700000,220,881,46800000,311,1871,4,6,1,CA,advertising,2,42
989780,64,508333,85,256,1525000,5,11,3,2,1,IL,ecommerce,2,5
1200000,100,1200000,0,0,1200000,142,427,1,3,1,NY,travel,5,9
6042894,48,4133333,468,1406,12400000,325,1303,3,4,1,CA,web,1,6
100000,100,100000,0,0,100000,,,1,,0,PA,biotech,1,1
8788239,79,3666666,621,1864,11000000,0,0,3,1,1,CA,software,1,4
644227,95,337500,171,343,675000,0,0,2,1,1,TN,web,1,3
6825703,52,6500000,435,871,13000000,,,2,,1,CA,software,2,5
3500000,100,3500000,0,0,3500000,267,535,1,2,1,NY,social,2,5
12000000,100,12000000,0,0,12000000,0,0,1,1,0,MA,hardware,4,2
49137847,62,15714729,311,1559,78573646,411,1646,5,4,1,CA,games_video,4,10
7804652,51,5095471,685,2055,15286415,0,0,3,1,1,TN,photo_video,1,2
3200000,100,3200000,0,0,3200000,172,518,1,3,1,CA,web,1,5
30000,100,30000,0,0,30000,0,0,1,1,0,WA,advertising,2,1
8175467,55,4883334,1316,3949,14650003,0,0,3,1,1,CA,software,1,28
20032922,85,11750000,458,917,23500000,0,0,2,1,1,CA,software,5,9
980000,100,980000,0,0,980000,,,1,,0,MA,software,1,2
20000000,100,20000000,0,0,20000000,,,1,,0,CA,hardware,3,0
1500000,100,1500000,0,0,1500000,,,1,,0,WA,web,1,4
7669965,95,4000000,248,497,8000000,0,0,2,1,1,CA,games_video,1,0
9027947,35,6300000,398,1594,25200000,175,525,4,3,1,CA,software,4,13
45019286,73,15250000,167,671,61000000,235,471,4,2,1,CA,software,3,21
38772715,83,11575000,270,1083,46300000,342,1370,4,4,1,CA,games_video,4,12
18898367,77,6125000,387,1549,24500000,386,1930,4,5,1,MD,software,4,15
3847972,51,3750000,122,245,7500000,0,0,2,1,0,CA,games_video,1,1
14500000,100,14500000,0,0,14500000,494,1482,1,3,1,CA,enterprise,9,19
29000000,100,29000000,0,0,29000000,0,0,1,1,0,WA,games_video,1,1
20172710,84,8000000,411,1234,24000000,0,0,3,1,1,CA,network_hosting,2,5
41877372,51,20254373,442,1771,81017493,0,0,4,1,1,CA,semiconductor,5,2
746958,74,500000,59,118,1000000,354,1063,2,3,1,CA,analytics,4,4
8549525,71,6005000,140,281,12010000,9,18,2,2,1,CO,software,2,14
22000000,100,22000000,0,0,22000000,1177,3531,1,3,1,MA,mobile,4,2
42700000,100,42700000,0,0,42700000,,,1,,0,CA,biotech,3,1
66607895,83,26666666,172,517,80000000,0,0,3,1,1,CA,software,4,5
205000,100,205000,0,0,205000,368,1105,1,3,1,CA,web,7,3
3750000,100,3750000,0,0,3750000,563,1126,1,2,1,NY,analytics,1,5
26755273,65,20500000,117,234,41000000,271,542,2,2,0,CA,other,1,11
61337342,80,38000000,111,222,76000000,282,846,2,3,1,CA,games_video,4,37
17796354,88,10000000,502,1004,20000000,349,698,2,2,1,MA,enterprise,1,9
8161043,87,4678090,468,936,9356180,259,1037,2,4,1,CA,analytics,1,11
100000,100,100000,0,0,100000,395,790,1,2,0,NY,advertising,1,6
12427825,91,6800000,471,943,13600000,26,52,2,2,1,GA,software,3,9
3000000,100,3000000,0,0,3000000,190,762,1,4,1,CA,advertising,2,19
19559942,92,4227775,336,1680,21138876,,,5,,0,CA,advertising,2,4
2279242,97,586250,53,215,2345000,142,428,4,3,1,MA,enterprise,5,13
4000000,100,4000000,0,0,4000000,116,467,1,4,0,CA,web,1,7
15365006,90,8500000,249,499,17000000,335,671,2,2,0,CA,software,1,2
1100000,100,1100000,0,0,1100000,0,0,1,1,1,NY,web,8,8
37742,63,14925,99,397,59700,0,0,4,1,1,KY,software,1,3
2350000,100,2350000,0,0,2350000,89,267,1,3,1,CA,enterprise,2,12
10000000,100,10000000,0,0,10000000,0,0,1,1,0,VA,software,1,2
11411,53,10594,141,282,21189,0,0,2,1,0,CA,mobile,1,2
26663645,95,9333333,329,987,28000000,100,201,3,2,1,MA,software,2,7
9500000,100,9500000,0,0,9500000,,,1,,0,CA,software,2,0
25732514,36,23200000,464,1392,69600000,0,0,3,1,1,CA,semiconductor,7,5
17375930,73,7833333,454,1363,23500000,802,1604,3,2,1,VA,mobile,3,11
13000000,100,13000000,0,0,13000000,0,0,1,1,1,OR,software,4,6
13963068,64,10875000,291,582,21750000,90,181,2,2,1,NY,games_video,2,8
5750000,100,5750000,0,0,5750000,,,1,,0,PA,public_relations,4,0
18169297,77,11700000,80,161,23400000,0,0,2,1,1,ME,software,2,1
4300000,100,4300000,0,0,4300000,383,1151,1,3,0,CA,advertising,1,4
15564737,77,10000000,446,892,20000000,0,0,2,1,1,TX,security,2,1
32705900,64,25500000,935,1871,51000000,0,0,2,1,1,CA,biotech,3,16
26151387,96,6775498,588,2354,27101994,0,0,4,1,1,MA,enterprise,4,2
6480000,100,6480000,0,0,6480000,0,0,1,1,1,CA,public_relations,3,6
18969576,54,17500000,331,662,35000000,384,768,2,2,1,CA,enterprise,2,8
10297519,91,3766666,474,1424,11300000,186,373,3,2,0,MA,web,1,5
19000,100,19000,0,0,19000,0,0,1,1,0,GA,ecommerce,1,1
32961647,41,13083333,221,1327,78500000,306,919,6,3,1,NJ,ecommerce,3,27
600000,100,600000,0,0,600000,,,1,,0,NY,web,2,4
10640350,81,6500000,199,398,13000000,0,0,2,1,1,MD,network_hosting,1,3
42195302,96,8720000,207,1035,43600000,169,507,5,3,0,CA,search,3,7
120088603,84,28400000,227,1136,142000000,225,676,5,3,1,CA,enterprise,5,38
1121590,56,1000000,205,410,2000000,149,298,2,2,1,CA,web,1,6
13030497,48,8933333,249,747,26800000,0,0,3,1,1,TX,software,3,4
26935445,48,9316666,310,1861,55900000,0,0,6,1,0,CA,hardware,3,2
7300638,66,5500000,221,442,11000000,484,1453,2,3,1,CA,mobile,2,14
16824358,53,10500000,250,752,31500000,0,0,3,1,1,CA,enterprise,3,19
1500000,100,1500000,0,0,1500000,813,1627,1,2,1,DC,enterprise,2,4
650944,72,300000,138,416,900000,152,456,3,3,0,NY,social,1,5
33007122,56,19333333,600,1800,58000000,0,0,3,1,1,CA,biotech,5,4
25439830,87,7262500,408,1632,29050000,641,1282,4,2,1,MA,software,2,10
131227,52,125000,309,618,250000,134,269,2,2,1,NV,news,1,3
21000000,100,21000000,0,0,21000000,,,1,,0,CA,software,1,2
30955373,88,17500000,596,1193,35000000,,,2,,1,NY,advertising,3,25
500000,100,500000,0,0,500000,0,0,1,1,0,CA,web,1,2
25481612,82,15460000,157,315,30920000,0,0,2,1,1,TX,public_relations,3,3
12502840,42,7322244,550,2203,29288979,0,0,4,1,1,CA,software,2,9
9529596,39,6050000,389,1558,24200000,39,78,4,2,0,MA,software,2,11
1000000,100,1000000,0,0,1000000,487,1461,1,3,1,CA,web,1,4
4578136,82,2775000,375,751,5550000,0,0,2,1,1,MN,web,1,3
2118680,70,1500000,455,911,3000000,185,555,2,3,0,CA,mobile,3,8
7842790,54,7150000,226,453,14300000,204,612,2,3,1,CA,web,4,13
1000000,100,1000000,0,0,1000000,,,1,,0,CA,network_hosting,2,0
9573064,87,5500000,150,301,11000000,0,0,2,1,1,CA,software,1,7
1267997,63,1000000,182,365,2000000,241,723,2,3,0,NY,photo_video,3,7
4337154,86,2500000,344,689,5000000,99,199,2,2,1,CA,web,1,17
11000000,100,11000000,0,0,11000000,76,153,1,2,1,CA,enterprise,3,12
13728276,97,3525000,273,1095,14100000,114,456,4,4,1,CA,enterprise,2,19
5000000,100,5000000,0,0,5000000,0,0,1,1,0,CA,search,1,8
285859,71,200000,288,577,400000,0,0,2,1,0,WA,web,1,1
10000000,100,10000000,0,0,10000000,0,0,1,1,1,CA,biotech,1,4
8493689,76,3678333,394,1182,11035000,0,0,3,1,0,MA,software,1,3
12700000,100,12700000,0,0,12700000,606,1213,1,2,1,MA,public_relations,4,9
19640313,94,10378591,110,221,20757182,0,0,2,1,1,CA,biotech,1,3
12060642,44,9000000,221,663,27000000,0,0,3,1,1,CA,software,6,5
10000000,100,10000000,0,0,10000000,147,443,1,3,1,NY,advertising,1,7
26000000,100,26000000,0,0,26000000,,,1,,0,CA,public_relations,4,4
2896598,72,2000000,510,1020,4000000,,,2,,0,CT,messaging,2,2
13860606,68,10110000,339,678,20220000,0,0,2,1,1,CA,hardware,3,3
10000000,100,10000000,0,0,10000000,355,1066,1,3,1,NY,games_video,4,7
6485600,88,3675000,382,765,7350000,345,1037,2,3,0,NY,games_video,1,8
50000,100,50000,0,0,50000,0,0,1,1,0,CA,messaging,1,1
1000000,100,1000000,0,0,1000000,166,498,1,3,0,NY,fashion,7,5
22484014,49,11250000,295,1183,45000000,92,184,4,2,0,CA,security,2,16
47145710,67,14000000,337,1689,70000000,440,2201,5,5,0,CA,enterprise,4,22
500000,100,500000,0,0,500000,56,112,1,2,0,WA,ecommerce,1,3
268453,53,250000,228,456,500000,,,2,,0,CA,software,1,6
18439403,41,14666666,311,933,44000000,0,0,3,1,1,TX,semiconductor,4,2
21000000,100,21000000,0,0,21000000,0,0,1,1,0,CO,semiconductor,1,4
15923449,83,9500000,78,156,19000000,138,276,2,2,1,CA,games_video,3,12
11899115,63,6233333,379,1137,18700000,,,3,,0,CA,semiconductor,1,0
10000000,100,10000000,0,0,10000000,101,202,1,2,1,CA,software,7,6
4808258,81,1966666,0,0,5900000,,,3,,0,FL,software,1,5
20809251,74,14000000,150,301,28000000,76,152,2,2,1,MA,other,2,13
7550556,31,3471428,229,1604,24300000,226,453,7,2,0,NH,software,1,5
27529445,86,8001500,449,1797,32006000,203,609,4,3,1,CA,mobile,1,21
13400000,100,13400000,0,0,13400000,0,0,1,1,1,CA,public_relations,2,4
6405108,68,3133333,119,359,9400000,279,837,3,3,1,CA,enterprise,1,18
6940463,45,2554104,416,2501,15324624,539,1617,6,3,1,CO,enterprise,2,10
2000000,100,2000000,0,0,2000000,325,651,1,2,1,WA,web,11,3
7044732,44,5333333,396,1188,16000000,400,1600,3,4,1,CA,web,5,24
33344914,75,14666666,342,1027,44000000,,,3,,0,MN,medical,1,3
1086583,92,587500,117,235,1175000,0,0,2,1,0,PA,software,1,2
5902003,65,4500000,627,1255,9000000,0,0,2,1,1,CA,network_hosting,4,22
17034742,48,11716666,613,1841,35150000,0,0,3,1,1,CA,web,3,9
7365304,61,4000000,528,1585,12000000,579,1159,3,2,1,MA,software,2,4
30000000,100,30000000,0,0,30000000,0,0,1,1,1,CA,biotech,9,4
8000000,100,8000000,0,0,8000000,0,0,1,1,1,CA,security,2,5
4100000,100,4100000,0,0,4100000,108,324,1,3,1,CA,advertising,2,6
1688589,70,1204250,284,568,2408500,0,0,2,1,0,IL,social,3,1
44407801,61,18000000,336,1345,72000000,0,0,4,1,0,CA,other,1,3
13835715,75,9200000,182,365,18400000,0,0,2,1,0,MN,enterprise,1,2
152485902,93,23180589,362,2537,162264126,0,0,7,1,0,NC,biotech,6,4
29000000,100,29000000,0,0,29000000,0,0,1,1,1,MA,biotech,7,7
8700000,100,8700000,0,0,8700000,,,1,,0,WA,network_hosting,1,0
10000000,100,10000000,0,0,10000000,932,1865,1,2,1,MA,mobile,7,12
14762464,98,7500000,313,626,15000000,185,371,2,2,1,MA,software,2,5
2600000,100,2600000,0,0,2600000,0,0,1,1,0,CA,search,1,2
15000000,100,15000000,0,0,15000000,289,867,1,3,1,CA,web,1,30
1732781,43,1333333,211,633,4000000,222,444,3,2,1,NY,web,2,7
38167794,52,36500000,845,1690,73000000,0,0,2,1,1,CA,biotech,3,9
8323484,68,3030959,70,283,12123837,146,438,4,3,1,NY,education,4,5
15027109,67,7466666,191,573,22400000,340,1022,3,3,1,WA,mobile,3,18
4048897,71,2850000,132,264,5700000,156,468,2,3,1,CA,enterprise,4,12
17149161,60,14250000,605,1210,28500000,,,2,,0,CA,biotech,4,2
11451595,54,10500000,211,422,21000000,0,0,2,1,1,MA,software,2,9
8000000,100,8000000,0,0,8000000,0,0,1,1,0,NC,software,2,1
1500000,100,1500000,0,0,1500000,0,0,1,1,0,CA,games_video,1,1
12682455,44,9433333,228,686,28300000,236,946,3,4,1,MA,advertising,1,17
4036035,50,1587910,206,1032,7939553,63,126,5,2,1,CA,web,2,4
545000,100,545000,0,0,545000,,,1,,0,CA,public_relations,1,3
7516822,49,5082641,512,1537,15247925,0,0,3,1,1,MA,semiconductor,1,10
10226205,79,4266666,281,844,12800000,506,1013,3,2,1,NY,games_video,1,11
813615,85,475000,259,518,950000,238,477,2,2,0,IL,mobile,3,1
12866831,80,8000000,365,731,16000000,767,3835,2,5,1,MA,web,1,6
10000000,100,10000000,0,0,10000000,0,0,1,1,1,CA,semiconductor,1,2
1500000,100,1500000,0,0,1500000,261,784,1,3,1,NY,fashion,1,5
7715408,59,6500000,201,402,13000000,84,168,2,2,0,CA,hardware,1,6
10000000,100,10000000,0,0,10000000,151,303,1,2,1,NY,hardware,6,6
3375983,86,1957500,172,345,3915000,330,661,2,2,1,NY,advertising,3,9
936266,66,700000,274,549,1400000,290,581,2,2,1,NY,travel,6,7
641247,98,325000,126,252,650000,126,252,2,2,0,IL,ecommerce,1,6
3787003,39,3233333,344,1033,9700000,582,2331,3,4,0,TX,games_video,1,5
15000000,100,15000000,0,0,15000000,0,0,1,1,1,CA,software,3,6
12949116,33,9691000,591,2365,38764000,122,366,4,3,1,CA,enterprise,2,18
122360364,57,26425375,277,2223,211403000,697,1395,8,2,0,CA,cleantech,2,6
17887872,86,10375000,30,61,20750000,217,651,2,3,1,CA,enterprise,2,8
664051,65,510000,116,232,1020000,177,354,2,2,1,CA,social,2,4
13000000,100,13000000,0,0,13000000,0,0,1,1,0,TX,software,1,6
12292519,83,7350000,684,1369,14700000,532,1065,2,2,1,NY,software,4,8
14034886,42,8250000,274,1096,33000000,540,2161,4,4,1,CA,mobile,1,19
30000000,100,30000000,0,0,30000000,,,1,,1,CA,medical,6,5
25400955,76,8250000,321,1287,33000000,177,533,4,3,0,TX,software,4,10
150000,100,150000,0,0,150000,,,1,,0,DC,social,1,1
20000,100,20000,0,0,20000,0,0,1,1,0,MA,advertising,1,3
16657387,53,10308718,159,478,30926154,,,3,,0,CA,medical,1,2
2000000,100,2000000,0,0,2000000,,,1,,0,CA,advertising,1,0
17696280,93,9500000,875,1751,19000000,0,0,2,1,0,MA,software,3,2
26535336,80,11000000,452,1357,33000000,0,0,3,1,0,CA,advertising,4,2
10578881,67,5216666,238,715,15650000,0,0,3,1,1,GA,cleantech,1,1
13602949,78,5800000,146,438,17400000,457,1372,3,3,1,CA,web,2,8
154000,100,154000,0,0,154000,247,495,1,2,0,CA,real_estate,1,5
35000000,100,35000000,0,0,35000000,22,44,1,2,0,CA,web,3,4
4090404,54,1879175,351,1404,7516703,108,326,4,3,0,VA,mobile,1,5
48000000,100,48000000,0,0,48000000,173,521,1,3,0,TX,cleantech,1,1
42968272,65,21933333,350,1051,65800000,0,0,3,1,1,CA,network_hosting,4,6
112716,90,62500,20,41,125000,0,0,2,1,0,NJ,analytics,1,2
750000,100,750000,0,0,750000,527,1582,1,3,1,VA,search,2,5
17000000,100,17000000,0,0,17000000,20,40,1,2,1,GA,enterprise,5,10
3796112,92,1362500,324,972,4087500,455,1366,3,3,0,CA,enterprise,1,4
1000000,100,1000000,0,0,1000000,0,0,1,1,0,CA,hardware,1,3
17771887,75,4700000,472,2361,23500000,156,470,5,3,1,TX,health,1,13
990000,100,990000,0,0,990000,,,1,,0,CA,web,1,2
1000000,100,1000000,0,0,1000000,265,531,1,2,1,AZ,advertising,3,13
20432869,49,10250000,407,1630,41000000,594,1188,4,2,1,MA,health,1,15
7000000,100,7000000,0,0,7000000,,,1,,0,OR,semiconductor,1,3
51536871,93,27500000,227,455,55000000,0,0,2,1,1,MA,biotech,2,4
44181024,64,34500000,223,446,69000000,28,57,2,2,1,CA,software,3,10
45537131,35,16209644,262,2099,129677153,259,778,8,3,1,CA,enterprise,3,25
191157146,82,38666683,288,1733,232000100,,,6,,1,CA,biotech,3,4
3966469,69,2850000,274,548,5700000,229,688,2,3,1,CA,enterprise,4,5
10500000,100,10500000,0,0,10500000,0,0,1,1,1,MA,security,4,3
11705082,50,11500000,356,712,23000000,,,2,,0,NY,ecommerce,3,2
7233222,51,4666666,494,1483,14000000,,,3,,1,WA,photo_video,3,13
3984798,53,3750000,0,0,7500000,,,2,,1,CA,software,2,4
1420000,100,1420000,0,0,1420000,148,445,1,3,1,NY,social,16,12
7604882,84,4500000,414,828,9000000,435,870,2,2,0,WA,ecommerce,1,1
500000,100,500000,0,0,500000,,,1,,0,PA,games_video,1,3
43946,62,35000,126,252,70000,81,163,2,2,1,CA,news,1,4
443810,52,425000,196,392,850000,,,2,,0,CA,ecommerce,1,3
15000000,100,15000000,0,0,15000000,516,1033,1,2,1,CA,enterprise,1,9
1858972,59,1575000,105,210,3150000,329,659,2,2,1,CA,web,11,12
5500000,100,5500000,0,0,5500000,231,462,1,2,0,CA,ecommerce,1,6
10571182,100,10571182,0,0,10571182,0,0,1,1,1,CA,cleantech,1,8
500000,100,500000,0,0,500000,,,1,,0,CA,real_estate,1,13
16239008,65,3557142,199,1394,24900000,863,2590,7,3,1,CA,music,3,12
2664747,75,1764587,103,206,3529175,261,785,2,3,0,CA,web,1,12
7959827,34,5850000,421,1685,23400000,240,722,4,3,1,NY,travel,2,15
8800000,100,8800000,0,0,8800000,544,1633,1,3,1,CA,security,5,15
1500000,100,1500000,0,0,1500000,0,0,1,1,0,NY,fashion,6,2
25955441,35,10571428,238,1666,74000000,,,7,,0,CA,semiconductor,1,3
6359689,72,2933333,71,213,8800000,806,1612,3,2,1,OR,network_hosting,1,3
4805136,67,3550000,370,740,7100000,1173,3519,2,3,1,CA,web,1,3
1495568,42,1166666,202,608,3500000,231,1387,3,6,1,MA,ecommerce,1,8
3000000,100,3000000,0,0,3000000,248,496,1,2,1,CA,software,2,6
7795,70,5500,26,53,11000,0,0,2,1,0,NY,web,1,5
17198240,65,8733333,250,750,26200000,0,0,3,1,1,CA,semiconductor,2,4
17482573,60,14500000,252,505,29000000,254,764,2,3,1,CA,software,2,6
10000000,100,10000000,0,0,10000000,,,1,,0,CA,software,1,2
500000,100,500000,0,0,500000,358,1074,1,3,0,CA,web,3,3
7929863,68,3833333,213,640,11500000,112,336,3,3,1,CA,enterprise,1,3
2576255,48,1070000,198,994,5350000,137,412,5,3,1,TX,enterprise,3,8
5088025,46,3671906,404,1213,11015719,208,834,3,4,0,CA,mobile,1,27
7977106,81,3269122,63,189,9807367,253,760,3,3,1,CA,advertising,8,30
1413688,55,1267500,205,411,2535000,442,884,2,2,1,CA,web,5,8
14589985,76,6333333,424,1273,19000000,21,42,3,2,1,TX,enterprise,5,4
458121,96,158333,336,1009,475000,0,0,3,1,1,CA,travel,4,4
28812306,80,18000000,382,765,36000000,0,0,2,1,1,NY,games_video,1,16
12000000,100,12000000,0,0,12000000,,,1,,1,CA,games_video,5,4
106766976,87,30500000,306,1226,122000000,0,0,4,1,1,CA,biotech,2,15
1750000,100,1750000,0,0,1750000,160,320,1,2,1,NY,news,5,8
130000,100,130000,0,0,130000,356,713,1,2,1,NY,web,1,3
12301596,93,4407620,363,1090,13222860,,,3,,0,OH,other,3,4
1876986,85,1096000,368,737,2192000,65,197,2,3,0,IN,public_relations,1,10
2000000,100,2000000,0,0,2000000,0,0,1,1,1,MA,web,1,4
5497141,58,4700000,353,707,9400000,18,36,2,2,1,CA,analytics,2,11
9990115,76,3261250,171,687,13045000,,,4,,1,CA,semiconductor,2,2
9318247,93,2500000,358,1432,10000000,525,1575,4,3,1,CA,web,1,8
6000000,100,6000000,0,0,6000000,0,0,1,1,1,CA,advertising,2,7
1644744,78,1050000,284,568,2100000,0,0,2,1,0,PA,mobile,2,3
2966742,91,1625000,85,171,3250000,216,649,2,3,1,WA,travel,1,3
102039521,68,49333333,71,213,148000000,,,3,,0,CA,hardware,1,1
18327571,74,12250000,982,1965,24500000,0,0,2,1,1,CA,hardware,2,10
65523,91,36000,167,334,72000,0,0,2,1,0,UT,enterprise,1,4
10360000,100,10360000,0,0,10360000,0,0,1,1,0,CA,other,5,3
672439,51,436666,188,566,1310000,435,871,3,2,1,NY,software,6,12
150000,100,150000,0,0,150000,0,0,1,1,0,NY,games_video,1,1
38956777,60,21333333,758,2274,64000000,1649,3298,3,2,1,CA,semiconductor,3,5
250000,100,250000,0,0,250000,0,0,1,1,0,OH,ecommerce,1,2
1019586,55,610000,284,854,1830000,0,0,3,1,1,CA,health,2,6
9101628,92,4900000,110,221,9800000,127,510,2,4,1,OR,enterprise,4,10
2300000,100,2300000,0,0,2300000,244,734,1,3,1,CA,web,1,15
943887,72,655000,122,245,1310000,377,1508,2,4,0,WA,web,1,3
2803563,62,2250000,138,276,4500000,305,1527,2,5,0,CA,games_video,1,4
15800733,71,7333333,434,1303,22000000,0,0,3,1,1,CA,software,2,5
5560796,55,3333333,172,516,10000000,153,459,3,3,1,CA,advertising,2,23
12686133,34,9125000,124,497,36500000,11,34,4,3,1,NY,ecommerce,1,21
20643259,61,4810379,428,2996,33672656,136,408,7,3,1,CO,web,2,35
13167108,69,6333333,251,754,19000000,0,0,3,1,1,CA,enterprise,2,4
30000000,100,30000000,0,0,30000000,0,0,1,1,1,CA,semiconductor,4,3
1442059,64,1125000,259,519,2250000,215,430,2,2,1,CA,web,8,6
49453852,91,8969812,249,1496,53818873,0,0,6,1,1,CA,hardware,4,7
5500000,100,5500000,0,0,5500000,,,1,,0,CA,web,1,6
6000000,100,6000000,0,0,6000000,657,1315,1,2,1,WA,network_hosting,1,3
29648699,98,15075000,31,62,30150000,915,2746,2,3,0,CA,advertising,1,2
50636792,61,41500000,315,630,83000000,,,2,,1,CA,biotech,1,11
8441846,70,6000000,312,624,12000000,,,2,,0,NY,games_video,1,1
1934900,55,1750000,243,487,3500000,435,870,2,2,1,CA,software,1,6
4000000,100,4000000,0,0,4000000,135,406,1,3,1,CA,software,4,5
3506678,87,2000000,210,420,4000000,,,2,,0,CA,manufacturing,1,9
13804677,55,12500000,344,689,25000000,0,0,2,1,1,CA,software,4,11
562045,39,473566,356,1068,1420698,0,0,3,1,1,NY,mobile,2,5
9057761,90,5000000,677,1354,10000000,0,0,2,1,1,CA,semiconductor,3,5
54489636,81,22333333,442,1326,67000000,334,1671,3,5,1,CA,transportation,2,18
17904943,33,13250000,446,1786,53000000,188,565,4,3,1,CA,analytics,4,13
266619,88,150000,138,277,300000,223,447,2,2,0,CA,games_video,2,5
1058984,75,466666,344,1034,1400000,244,489,3,2,1,CA,software,1,4
6423385,98,3250000,244,488,6500000,628,1886,2,3,1,CA,web,7,4
5000000,100,5000000,0,0,5000000,107,321,1,3,1,CA,cleantech,1,8
6920947,72,4800000,474,949,9600000,416,832,2,2,1,WA,enterprise,3,6
55977018,96,11640000,523,2617,58200000,852,2557,5,3,1,WA,mobile,1,9
11830858,42,9333333,344,1034,28000000,785,1570,3,2,1,MA,network_hosting,2,14
24854790,82,15000000,88,176,30000000,231,694,2,3,1,TX,network_hosting,1,10
2082284,59,1750000,212,425,3500000,177,354,2,2,1,CA,games_video,2,10
16700000,100,16700000,0,0,16700000,207,414,1,2,0,MA,web,4,7
18000000,100,18000000,0,0,18000000,,,1,,0,AZ,semiconductor,7,0
15000000,100,15000000,0,0,15000000,0,0,1,1,1,CA,medical,6,6
9509214,79,6000000,0,0,12000000,,,2,,0,CA,hardware,1,2
15000,100,15000,0,0,15000,0,0,1,1,0,OH,ecommerce,1,1
200000,100,200000,0,0,200000,191,574,1,3,1,WA,news,1,11
15000000,100,15000000,0,0,15000000,,,1,,0,CA,semiconductor,1,0
805805,57,700000,239,479,1400000,179,359,2,2,1,CA,enterprise,3,4
5675476,49,2850000,637,2551,11400000,0,0,4,1,0,NY,enterprise,3,5
23320832,34,8562500,166,1335,68500000,111,445,8,4,1,CA,cleantech,2,14
1724231,45,950000,248,993,3800000,451,1805,4,4,1,TX,messaging,4,4
8338364,82,5050000,303,607,10100000,0,0,2,1,1,CA,software,3,3
4000000,100,4000000,0,0,4000000,,,1,,0,CA,software,6,0
3011408,100,3011408,0,0,3011408,5,17,1,3,1,CA,software,1,11
8000000,100,8000000,0,0,8000000,0,0,1,1,0,CA,software,1,2
12328943,97,6350000,525,1051,12700000,0,0,2,1,1,CA,analytics,1,15
300000,100,300000,0,0,300000,263,1054,1,4,0,CA,public_relations,1,5
5675000,100,5675000,0,0,5675000,311,623,1,2,1,CA,web,4,21
1000000,100,1000000,0,0,1000000,94,189,1,2,1,CA,advertising,5,13
125000,100,125000,0,0,125000,,,1,,0,FL,enterprise,1,2
571997,81,350000,133,266,700000,89,178,2,2,0,CT,web,1,2
387914,72,266000,71,143,532000,87,175,2,2,1,WA,enterprise,5,6
6239788,73,4250000,365,730,8500000,112,337,2,3,1,CA,web,1,8
9400000,100,9400000,0,0,9400000,426,1278,1,3,1,WA,network_hosting,1,2
185150,52,175000,593,1186,350000,0,0,2,1,0,RI,mobile,1,3
7165582,58,6150000,373,746,12300000,250,751,2,3,1,NY,enterprise,1,16
24564985,96,5082659,320,1600,25413298,0,0,5,1,1,MA,network_hosting,3,6
7936480,80,4900000,126,253,9800000,155,310,2,2,1,CA,news,4,23
918944,90,507500,121,243,1015000,84,169,2,2,0,CA,games_video,1,5
6241974,62,2000000,253,1267,10000003,349,698,5,2,1,CO,enterprise,1,4
1742389,99,875000,380,761,1750000,599,1199,2,2,1,IL,travel,1,3
100000,100,100000,0,0,100000,423,847,1,2,1,CA,messaging,3,4
12000000,100,12000000,0,0,12000000,145,291,1,2,1,CA,software,2,1
9829312,85,5725000,66,132,11450000,250,751,2,3,1,NY,messaging,8,16
50000,100,50000,0,0,50000,324,649,1,2,0,CA,advertising,3,7
20000000,100,20000000,0,0,20000000,293,586,1,2,0,CA,software,4,4
39134971,92,21250000,136,273,42500000,166,499,2,3,1,TX,public_relations,5,16
21927589,97,7495666,285,857,22487000,942,1884,3,2,1,CA,semiconductor,2,7
7800000,100,7800000,0,0,7800000,967,1935,1,2,1,CA,software,2,3
30186267,51,14750000,572,2291,59000000,0,0,4,1,1,NJ,semiconductor,6,8
4000000,100,4000000,0,0,4000000,163,654,1,4,0,ID,mobile,1,5
30944374,43,17850000,271,1085,71400000,396,1188,4,3,1,CA,cleantech,2,6
23092512,90,8500000,429,1288,25500000,0,0,3,1,1,CA,cleantech,2,5
19212281,66,7233080,167,671,28932322,220,661,4,3,1,CA,advertising,2,28
34089601,96,5866666,289,1735,35200000,102,307,6,3,1,CA,analytics,2,18
8729509,87,5000000,532,1064,10000000,0,0,2,1,0,MA,public_relations,1,2
10089580,45,7366666,363,1091,22100000,282,1128,3,4,1,CA,analytics,2,11
15995009,48,6600000,469,2345,33000000,0,0,5,1,1,MA,mobile,2,4
15000000,100,15000000,0,0,15000000,0,0,1,1,1,CA,biotech,3,9
6828978,52,4333333,270,811,13000000,0,0,3,1,1,CA,mobile,3,6
11341840,88,6400000,224,448,12800000,0,0,2,1,1,CA,mobile,2,5
361340,57,313048,659,1319,626096,277,833,2,3,0,NY,mobile,1,6
9230157,45,5087500,348,1393,20350000,65,195,4,3,1,MA,analytics,3,12
10000000,100,10000000,0,0,10000000,0,0,1,1,0,CA,hardware,3,1
425000,100,425000,0,0,425000,217,652,1,3,1,CA,web,2,5
34621058,91,12630351,318,954,37891054,0,0,3,1,1,CA,semiconductor,3,5
23429555,58,8000000,487,2436,40000000,0,0,5,1,1,CA,mobile,4,9
5385314,97,1850000,173,520,5550000,150,603,3,4,1,CA,games_video,3,10
770000,100,770000,0,0,770000,259,778,1,3,1,CA,mobile,6,3
12935995,66,4887500,422,1689,19550000,,,4,,0,TX,consulting,1,0
3357862,83,2000000,141,282,4000000,0,0,2,1,1,CA,web,1,6
27326104,65,10500000,432,1728,42000000,282,1128,4,4,1,VA,web,2,14
1900000,100,1900000,0,0,1900000,,,1,,0,CO,other,1,0
38133355,84,15013333,187,561,45039999,140,420,3,3,1,CA,games_video,3,21
1310000,100,1310000,0,0,1310000,0,0,1,1,0,CA,news,1,1
3000000,100,3000000,0,0,3000000,0,0,1,1,1,OR,hardware,3,3
33495077,93,9000000,315,1261,36000000,237,712,4,3,1,CA,software,3,9
3000000,100,3000000,0,0,3000000,0,0,1,1,1,CA,software,1,3
1300000,100,1300000,0,0,1300000,546,1638,1,3,0,CA,web,1,1
50000,100,50000,0,0,50000,0,0,1,1,0,AR,software,1,1
6500000,100,6500000,0,0,6500000,189,568,1,3,1,NY,web,8,15
4031863,87,2300000,114,229,4600000,413,827,2,2,1,MA,advertising,9,5
13941287,63,7300000,474,1422,21900000,823,1647,3,2,1,MA,software,1,5
240000,100,240000,0,0,240000,0,0,1,1,1,NY,games_video,2,6
19490534,56,8675000,483,1935,34700000,0,0,4,1,1,CA,software,2,17
23858258,72,8250000,423,1695,33000000,556,1113,4,2,1,IL,software,5,4
1055495,58,900000,213,426,1800000,450,901,2,2,0,NY,education,5,3
14747142,54,9100000,444,1334,27300000,197,789,3,4,1,CO,advertising,3,14
5395060,79,3380000,386,773,6760000,74,149,2,2,0,CA,web,1,6
21865382,81,8971333,790,2372,26914000,1176,3530,3,3,1,CA,software,6,24
27500000,100,27500000,0,0,27500000,,,1,,1,CA,semiconductor,7,1
9000000,100,9000000,0,0,9000000,,,1,,0,TX,other,2,4
954000,100,954000,0,0,954000,0,0,1,1,0,CA,public_relations,1,3
28763842,54,17666666,404,1212,53000000,,,3,,1,CA,semiconductor,4,4
11523147,49,5775000,396,1586,23100000,240,721,4,3,1,CA,social,2,17
48163020,44,27225000,497,1991,108900000,86,172,4,2,1,CA,cleantech,7,28
28202037,51,13750000,283,1133,55000000,305,1527,4,5,1,CA,web,2,26
4021731,70,2843191,323,647,5686383,352,1058,2,3,1,NY,mobile,2,9
20467580,41,8168138,221,1328,49008830,0,0,6,1,0,CA,biotech,1,4
21571083,66,10733333,236,709,32200000,,,3,,1,CA,mobile,4,10
2000000,100,2000000,0,0,2000000,0,0,1,1,0,TX,web,1,3
2700000,100,2700000,0,0,2700000,295,591,1,2,1,NY,games_video,2,5
2000000,100,2000000,0,0,2000000,976,1953,1,2,0,WI,advertising,2,6
14082929,78,6000000,478,1434,18000000,343,1029,3,3,1,NY,advertising,2,16
104560984,85,24500000,228,1142,122500000,46,93,5,2,1,WA,mobile,5,9
1100000,100,1100000,0,0,1100000,720,1440,1,2,1,CA,advertising,6,9
34725015,66,17333333,240,721,52000000,0,0,3,1,0,MA,security,2,1
44000000,100,44000000,0,0,44000000,0,0,1,1,0,CA,biotech,1,5
8779068,56,7750000,378,757,15500000,561,1123,2,2,1,CA,software,1,12
20000000,100,20000000,0,0,20000000,0,0,1,1,1,CA,security,3,4
