founding_year,Calculation1,amount_milestones_corrected,age_last_funding,age_first_funding,is_first_funding_the_biggest_funding,First_funding_amount,biggest_funding_amount_share_of_total_funding_%,biggest_funding_amount,Funding_rounds,days_from_first_to_last_milestone,average_days_per_milestone,Funding_total,funding_duration_days,days_per_funding,average_funding_size,Is_Successful,state,FoundingDate,BusinessField,NumContributors,NumPartners
2007,1,2,577,577,1,3000000,100,3000000,1,103,51,3000000,0,0,3000000,0,TX,01.07.2007,enterprise,1,14
2002,0,1,1767,1767,1,13000000,100,13000000,1,0,0,13000000,0,0,13000000,1,IL,01.01.2002,software,4,3
2004,0,1,2021,1524,1,7669965,95,7669965,2,0,0,8000000,497,248,4000000,1,CA,01.01.2004,games_video,1,0
2001,1,1,2286,2286,1,10000000,100,10000000,1,0,0,10000000,0,0,10000000,1,CO,01.01.2001,software,1,2
2006,0,1,1298,730,1,1644744,78,1644744,2,0,0,2100000,568,284,1050000,0,PA,01.01.2006,mobile,2,3
2001,1,1,1880,1880,1,6480000,100,6480000,1,0,0,6480000,0,0,6480000,1,CA,01.01.2001,public_relations,3,6
2002,0,3,2588,273,0,2789311,81,12310689,2,682,227,15100000,2315,1157,7550000,1,NY,01.01.2002,advertising,1,5
2008,1,2,1564,1564,1,400000,100,400000,1,1131,565,400000,0,0,400000,1,CA,01.01.2008,social,3,7
2001,1,1,1886,1516,1,5522288,64,5522288,2,0,0,8600000,370,185,4300000,1,WA,01.01.2001,public_relations,1,6
2001,1,1,3269,1732,0,1451769,49,7516822,3,0,0,15247925,1537,512,5082641,1,MA,01.01.2001,semiconductor,1,10
2010,0,1,365,90,1,149596,80,149596,5,0,0,185000,275,55,37000,0,CA,01.01.2010,mobile,2,3
2008,1,2,1415,1415,1,15000000,100,15000000,1,1033,516,15000000,0,0,15000000,1,CA,01.01.2008,enterprise,1,9
2000,0,1,3981,3981,1,275000,100,275000,1,0,0,275000,0,0,275000,0,NJ,01.01.2000,software,1,5
2005,0,4,1200,789,1,30123254,91,30123254,2,1530,382,33000000,411,205,16500000,0,CA,01.01.2005,search,1,13
2003,0,1,3425,754,1,34574758,88,34574758,5,0,0,39000000,2671,534,7800000,1,MA,01.01.2003,software,3,13
2006,0,2,2543,0,1,46053769,62,46053769,5,340,170,74000000,2543,508,14800000,1,CA,01.08.2006,network_hosting,1,19
2007,1,2,1813,181,1,25439830,87,25439830,4,1282,641,29050000,1632,408,7262500,1,MA,01.01.2007,software,2,10
2006,0,6,1094,486,0,971520,42,1495568,3,1387,231,3500000,608,202,1166666,1,MA,03.05.2006,ecommerce,1,8
2008,1,2,1024,1024,1,3000000,100,3000000,1,601,300,3000000,0,0,3000000,1,CA,01.01.2008,games_video,1,6
2005,0,4,789,455,1,20376676,63,20376676,2,662,165,32000000,334,167,16000000,0,MA,01.01.2005,network_hosting,3,14
2003,0,3,1239,0,0,3164593,72,8435407,2,818,272,11600000,1239,619,5800000,1,MA,01.01.2003,hardware,2,13
2004,0,2,2426,578,1,57352192,72,57352192,3,760,380,78750000,1848,616,26250000,1,MA,01.01.2004,biotech,3,4
2007,1,4,0,0,1,300000,100,300000,1,1054,263,300000,0,0,300000,0,CA,01.09.2007,public_relations,1,5
2003,0,1,2035,1492,0,5769811,52,6480189,2,0,0,12250000,543,271,6125000,1,CA,01.01.2003,advertising,2,8
2011,0,2,444,444,1,5500000,100,5500000,1,462,231,5500000,0,0,5500000,0,CA,01.01.2011,ecommerce,1,6
2005,0,2,1810,1103,1,5497141,58,5497141,2,36,18,9400000,707,353,4700000,1,CA,01.01.2005,analytics,2,11
2010,0,2,374,0,0,1541143,58,2208857,2,265,132,3750000,374,187,1875000,1,NY,01.01.2010,hospitality,4,12
2007,1,5,1751,425,1,54489636,81,54489636,3,1671,334,67000000,1326,442,22333333,1,CA,01.01.2007,transportation,2,18
2012,0,2,29,29,1,1750000,100,1750000,1,320,160,1750000,0,0,1750000,1,NY,01.06.2012,news,5,8
2007,1,3,889,7,1,6390299,64,6390299,3,1308,436,9950000,882,294,3316666,1,NY,26.11.2007,education,2,15
2003,0,1,2232,1625,1,8338364,82,8338364,2,0,0,10100000,607,303,5050000,1,CA,01.01.2003,software,3,3
2004,0,3,921,921,1,7660000,100,7660000,1,2147,715,7660000,0,0,7660000,1,CA,01.01.2004,security,6,5
2005,0,3,666,666,1,2300000,100,2300000,1,734,244,2300000,0,0,2300000,1,CA,04.05.2005,web,1,15
2008,1,2,961,335,1,14762464,98,14762464,2,371,185,15000000,626,313,7500000,1,MA,01.01.2008,software,2,5
2002,0,2,4077,1581,1,133193466,98,133193466,4,1,0,135826373,2496,624,33956593,1,MA,01.01.2002,other,4,3
2006,0,3,1163,365,0,674275,67,1425725,2,1896,632,2100000,798,399,1050000,1,WA,01.01.2006,security,1,5
2007,1,1,514,514,1,5500000,100,5500000,1,0,0,5500000,0,0,5500000,0,NJ,01.01.2007,software,3,1
2006,0,5,1250,182,0,4162891,62,8155005,3,1451,290,13100000,1068,356,4366666,1,CA,01.10.2006,travel,1,14
2010,0,2,447,170,1,266619,88,266619,2,447,223,300000,277,138,150000,0,CA,01.05.2010,games_video,2,5
2006,0,4,2275,245,1,27063259,77,27063259,6,1295,323,34700000,2030,338,5783333,1,CA,01.05.2006,enterprise,5,37
2008,1,1,0,0,1,50000,100,50000,1,0,0,50000,0,0,50000,0,CA,01.07.2008,games_video,2,2
2009,1,1,1372,146,0,1196849,87,106766976,4,0,0,122000000,1226,306,30500000,1,CA,01.01.2009,biotech,2,15
2006,0,3,2294,2294,1,6500000,100,6500000,1,568,189,6500000,0,0,6500000,1,NY,01.02.2006,web,8,15
2008,1,3,693,305,0,774458,84,4175542,2,560,186,4950000,388,194,2475000,1,CA,01.01.2008,web,12,21
2005,0,3,1131,184,1,6438083,88,6438083,3,554,184,7300000,947,315,2433333,1,CA,01.05.2005,advertising,2,10
2003,0,2,2273,731,0,13809417,77,49957683,3,2467,1233,64080000,1542,514,21360000,1,CA,01.01.2003,biotech,4,8
1998,0,1,3552,3552,1,8000000,100,8000000,1,0,0,8000000,0,0,8000000,0,CA,01.01.1998,software,1,2
2002,0,1,3949,0,0,3594659,55,8175467,3,0,0,14650003,3949,1316,4883334,1,CA,01.01.2002,software,1,28
2010,0,2,401,303,0,217629,95,4282371,2,22,11,4500000,98,49,2250000,0,CA,01.02.2010,web,3,6
2010,0,1,644,553,1,1883758,84,1883758,2,0,0,2238055,91,45,1119027,0,WA,01.01.2010,enterprise,1,6
2006,0,1,730,365,1,13835715,75,13835715,2,0,0,18400000,365,182,9200000,0,MN,01.01.2006,enterprise,1,2
2003,0,1,1876,1876,1,5000000,100,5000000,1,0,0,5000000,0,0,5000000,0,MI,01.01.2003,advertising,1,2
2007,1,3,1096,731,1,1267997,63,1267997,2,723,241,2000000,365,182,1000000,0,NY,01.01.2007,photo_video,3,7
2011,0,3,396,76,1,2125553,50,2125553,4,909,303,4200000,320,80,1050000,1,NY,01.01.2011,software,3,3
2002,0,1,1127,1127,1,13400000,100,13400000,1,0,0,13400000,0,0,13400000,1,CA,01.01.2002,public_relations,2,4
2004,0,3,1553,1065,0,76615,98,6423385,2,1886,628,6500000,488,244,3250000,1,CA,01.01.2004,web,7,4
2008,1,5,1147,15,0,2511051,63,4363949,2,964,192,6875000,1132,566,3437500,1,CA,01.04.2008,web,7,30
2009,1,3,324,153,0,283258,91,2966742,2,649,216,3250000,171,85,1625000,1,WA,01.12.2009,travel,1,3
2000,0,1,2343,1985,0,13692925,61,22307075,2,0,0,36000000,358,179,18000000,1,NC,01.01.2000,software,3,26
2000,0,3,1759,906,0,7098291,88,54401709,2,2321,773,61500000,853,426,30750000,1,CA,01.01.2000,hardware,4,21
2007,1,2,400,190,1,1858972,59,1858972,2,659,329,3150000,210,105,1575000,1,CA,01.08.2007,web,11,12
2008,1,4,1611,276,0,37992222,34,23320832,8,445,111,68500000,1335,166,8562500,1,CA,01.01.2008,cleantech,2,14
2008,1,4,1611,276,0,37992222,34,23320832,8,445,111,68500000,1335,166,8562500,1,CA,01.01.2008,cleantech,2,14
2001,1,1,3741,1450,0,13642621,51,30186267,4,0,0,59000000,2291,572,14750000,1,NJ,01.01.2001,semiconductor,6,8
2004,0,2,1755,1755,1,35000000,100,35000000,1,44,22,35000000,0,0,35000000,0,CA,01.01.2004,web,3,4
2007,1,1,547,253,1,8837433,88,8837433,2,0,0,10000000,294,147,5000000,1,TX,01.01.2007,software,2,9
2009,1,1,516,0,0,318560,90,3031440,2,0,0,3350000,516,258,1675000,0,CA,01.01.2009,messaging,2,1
2004,0,3,2437,851,0,7799891,49,11523147,4,721,240,23100000,1586,396,5775000,1,CA,01.01.2004,social,2,17
2010,0,1,0,0,1,250000,100,250000,1,0,0,250000,0,0,250000,0,OH,01.05.2010,ecommerce,1,2
2006,0,2,1948,396,0,1191095,27,2860343,5,1907,953,10400000,1552,310,2080000,0,CA,01.01.2006,web,1,8
2002,0,3,3743,1378,0,10272206,33,12949116,4,366,122,38764000,2365,591,9691000,1,CA,01.01.2002,enterprise,2,18
2010,0,3,212,212,1,770000,100,770000,1,778,259,770000,0,0,770000,1,CA,01.01.2010,mobile,6,3
2007,1,4,326,326,1,1300000,100,1300000,1,1234,308,1300000,0,0,1300000,1,CA,01.09.2007,web,4,8
2008,1,1,1282,714,1,1688589,70,1688589,2,0,0,2408500,568,284,1204250,0,IL,01.01.2008,social,3,1
2000,0,3,2707,90,1,55977018,96,55977018,5,2557,852,58200000,2617,523,11640000,1,WA,01.02.2000,mobile,1,9
2007,1,1,157,157,1,13000000,100,13000000,1,0,0,13000000,0,0,13000000,0,TX,01.01.2007,software,1,6
2008,1,2,1031,1031,1,20000000,100,20000000,1,1030,515,20000000,0,0,20000000,0,WA,01.01.2008,software,1,1
2001,1,1,2410,2410,1,10360000,100,10360000,1,0,0,10360000,0,0,10360000,0,CA,01.01.2001,other,5,3
2009,1,2,964,964,1,10000000,100,10000000,1,303,151,10000000,0,0,10000000,1,NY,01.01.2009,hardware,6,6
2000,0,1,3749,2494,1,5902003,65,5902003,2,0,0,9000000,1255,627,4500000,1,CA,01.01.2000,network_hosting,4,22
2003,0,1,2870,2105,1,28812306,80,28812306,2,0,0,36000000,765,382,18000000,1,NY,01.01.2003,games_video,1,16
2004,0,1,3417,1546,1,32705900,64,32705900,2,0,0,51000000,1871,935,25500000,1,CA,01.01.2004,biotech,3,16
2007,1,2,493,425,1,4655659,84,4655659,2,723,361,5500000,68,34,2750000,1,NY,01.01.2007,web,2,13
2000,0,5,2769,305,0,13202578,51,17013191,4,729,145,33000000,2464,616,8250000,1,MA,01.01.2000,consulting,2,35
2009,1,1,1784,1784,1,10571182,100,10571182,1,0,0,10571182,0,0,10571182,1,CA,01.01.2009,cleantech,1,8
2005,0,3,1035,0,1,42195302,96,42195302,5,507,169,43600000,1035,207,8720000,0,CA,01.07.2005,search,3,7
2007,1,3,765,765,1,4100000,100,4100000,1,324,108,4100000,0,0,4100000,1,CA,01.01.2007,advertising,2,6
2007,1,2,275,275,1,1000000,100,1000000,1,531,265,1000000,0,0,1000000,1,AZ,01.04.2007,advertising,3,13
2004,0,1,2967,1698,0,885412,42,3085518,4,0,0,7210210,1269,317,1802552,1,CA,01.01.2004,enterprise,1,4
2009,1,1,1,1,1,20000,100,20000,1,0,0,20000,0,0,20000,0,VA,17.04.2009,web,1,3
2008,1,3,1649,564,1,30944374,43,30944374,4,1188,396,71400000,1085,271,17850000,1,CA,02.08.2008,cleantech,2,6
2009,1,2,261,261,1,500000,100,500000,1,461,230,500000,0,0,500000,0,NY,01.08.2009,ecommerce,1,2
2006,0,6,805,12,0,1556130,50,3602001,3,875,145,7175000,793,264,2391666,1,CA,20.01.2006,web,2,12
2011,0,3,207,207,1,425000,100,425000,1,652,217,425000,0,0,425000,1,CA,01.01.2011,web,2,5
2005,0,4,1128,883,0,366113,72,943887,2,1508,377,1310000,245,122,655000,0,WA,01.03.2005,web,1,3
2006,0,1,2438,526,1,4837641,81,4837641,4,0,0,5965000,1912,478,1491250,1,CA,01.01.2006,software,1,7
2005,0,1,1486,304,1,8493689,76,8493689,3,0,0,11035000,1182,394,3678333,0,MA,01.01.2005,software,1,3
2008,1,3,1267,131,0,3387449,84,120088603,5,676,225,142000000,1136,227,28400000,1,CA,10.09.2008,enterprise,5,38
2007,1,3,1059,290,0,1079154,60,1670846,2,1268,422,2750000,769,384,1375000,1,CA,15.01.2007,web,4,11
2001,1,1,3459,1114,1,15995009,48,15995009,5,0,0,33000000,2345,469,6600000,1,MA,01.01.2001,mobile,2,4
2000,0,1,2683,2364,1,39011203,90,39011203,2,0,0,43000000,319,159,21500000,0,CA,01.01.2000,software,1,2
2007,1,2,925,925,1,7800000,100,7800000,1,1935,967,7800000,0,0,7800000,1,CA,01.01.2007,software,2,3
2006,0,4,1456,243,0,2815389,46,5088025,3,834,208,11015719,1213,404,3671906,0,CA,01.02.2006,mobile,1,27
2006,0,4,426,426,1,3000000,100,3000000,1,762,190,3000000,0,0,3000000,1,CA,01.10.2006,advertising,2,19
2005,0,3,2739,59,1,117818164,96,117818164,7,572,190,121500000,2680,382,17357142,1,MA,01.01.2005,mobile,4,45
2006,0,2,1013,334,0,701070,92,8798930,2,235,117,9500000,679,339,4750000,1,CA,01.01.2006,ecommerce,2,6
2008,1,3,958,958,1,48000000,100,48000000,1,521,173,48000000,0,0,48000000,0,TX,01.01.2008,cleantech,1,1
2006,0,5,1753,0,1,13290701,40,13290701,4,1422,284,33000000,1753,438,8250000,1,GA,01.05.2006,enterprise,3,26
2010,0,2,886,0,1,6780126,75,6780126,2,26,13,9030000,886,443,4515000,0,NY,01.01.2010,web,4,8
2001,1,1,2048,1540,0,8865677,55,11134323,2,0,0,20000000,508,254,10000000,1,CA,01.01.2001,software,4,9
2000,0,2,2060,2060,1,12700000,100,12700000,1,1213,606,12700000,0,0,12700000,1,MA,01.01.2000,public_relations,4,9
2005,0,4,547,427,0,1496642,68,3203358,2,1935,483,4700000,120,60,2350000,0,CA,01.12.2005,web,1,3
2000,0,1,3649,1871,1,32074728,79,32074728,4,0,0,40100000,1778,444,10025000,1,CA,01.01.2000,enterprise,4,9
2010,0,2,707,406,1,2372700,57,2372700,2,406,203,4100000,301,150,2050000,1,TX,01.06.2010,enterprise,1,3
2003,0,2,3401,1127,0,5257223,60,38956777,3,3298,1649,64000000,2274,758,21333333,1,CA,01.01.2003,semiconductor,3,5
2006,0,3,2292,244,1,77513569,96,77513569,5,1699,566,80000000,2048,409,16000000,1,CA,01.04.2006,network_hosting,2,16
2007,1,2,1544,260,1,5166300,65,5166300,3,142,71,7900000,1284,428,2633333,1,MA,01.01.2007,advertising,2,8
2005,0,4,2148,242,0,1546151,54,38038886,5,875,218,70000000,1906,381,14000000,1,CA,01.02.2005,web,2,29
2009,1,2,104,104,1,1200000,100,1200000,1,104,52,1200000,0,0,1200000,0,OH,01.07.2009,advertising,4,2
2005,0,4,1471,65,1,6042894,48,6042894,3,1303,325,12400000,1406,468,4133333,1,CA,01.05.2005,web,1,6
2006,0,3,212,212,1,750000,100,750000,1,1582,527,750000,0,0,750000,1,VA,01.11.2006,search,2,5
2009,1,2,549,0,1,936266,66,936266,2,581,290,1400000,549,274,700000,1,NY,01.08.2009,travel,6,7
2006,0,2,2356,365,0,29234981,44,48163020,4,172,86,108900000,1991,497,27225000,1,CA,01.01.2006,cleantech,7,28
1997,0,1,5465,2928,1,152485902,93,152485902,7,0,0,162264126,2537,362,23180589,0,NC,01.01.1997,biotech,6,4
2008,1,1,488,488,1,2000000,100,2000000,1,0,0,2000000,0,0,2000000,1,CA,01.07.2008,software,2,3
2005,0,1,1781,1149,0,1862859,86,12137141,2,0,0,14000000,632,316,7000000,1,CA,01.08.2005,software,2,5
2000,0,1,2698,2181,1,66607895,83,66607895,3,0,0,80000000,517,172,26666666,1,CA,01.01.2000,software,4,5
2011,0,2,703,703,1,12000000,100,12000000,1,291,145,12000000,0,0,12000000,1,CA,01.01.2011,software,2,1
2005,0,2,1902,628,1,25385836,97,25385836,3,1317,658,26000000,1274,424,8666666,1,CA,01.01.2005,software,1,6
2008,1,1,714,714,1,5000000,100,5000000,1,0,0,5000000,0,0,5000000,0,CA,01.01.2008,web,1,5
2010,0,2,489,42,1,6896878,77,6896878,2,306,153,8950000,447,223,4475000,1,CA,21.12.2010,analytics,7,24
2005,0,2,1109,424,1,43674111,76,43674111,2,830,415,57000000,685,342,28500000,1,CA,01.01.2005,web,3,7
2003,0,3,3408,609,1,27579057,68,27579057,4,1129,376,40400000,2799,699,10100000,1,CA,01.01.2003,advertising,1,17
2009,1,1,280,280,1,50000,100,50000,1,0,0,50000,0,0,50000,0,CA,01.07.2009,messaging,1,1
2008,1,3,967,61,1,1619845,88,1619845,3,1512,504,1822922,906,302,607640,1,CA,01.10.2008,ecommerce,2,10
2010,0,2,683,402,1,8549525,71,8549525,2,18,9,12010000,281,140,6005000,1,CO,01.01.2010,software,2,14
2003,0,2,1890,1391,0,1634994,90,15365006,2,671,335,17000000,499,249,8500000,0,CA,01.01.2003,software,1,2
2005,0,1,395,395,1,6250000,100,6250000,1,0,0,6250000,0,0,6250000,1,NY,01.06.2005,ecommerce,1,12
2007,1,4,1184,151,0,2895740,39,3787003,3,2331,582,9700000,1033,344,3233333,0,TX,01.01.2007,games_video,1,5
2006,0,5,1225,184,0,5161536,53,7689325,5,1389,277,14400000,1041,208,2880000,1,NY,01.08.2006,web,5,9
2009,1,3,183,53,0,336998,86,2228002,2,918,306,2565000,130,65,1282500,1,CA,09.09.2009,mobile,3,10
2007,1,3,1444,0,1,45355569,50,45355569,5,142,47,90000000,1444,288,18000000,1,NY,01.09.2007,enterprise,3,24
2011,0,2,548,197,0,209710,89,1765290,2,5978,2989,1975000,351,175,987500,1,OR,01.03.2011,enterprise,3,6
2000,0,3,3449,1689,1,23138564,84,23138564,3,188,62,27500000,1760,586,9166666,1,CA,15.11.2000,mobile,1,22
2003,0,2,1675,1004,0,2681728,73,45019286,4,471,235,61000000,671,167,15250000,1,CA,01.06.2003,software,3,21
2010,0,1,609,0,0,185710,85,1114290,2,0,0,1300000,609,304,650000,0,CA,01.08.2010,games_video,1,2
2008,1,2,478,478,1,500000,100,500000,1,112,56,500000,0,0,500000,0,WA,01.01.2008,ecommerce,1,3
2003,0,1,1237,936,1,9573064,87,9573064,2,0,0,11000000,301,150,5500000,1,CA,01.01.2003,software,1,7
2000,0,1,2487,1893,1,21538218,74,21538218,2,0,0,29000000,594,297,14500000,1,MA,01.01.2000,public_relations,5,9
2008,1,2,731,731,1,11000000,100,11000000,1,153,76,11000000,0,0,11000000,1,CA,01.01.2008,enterprise,3,12
2007,1,3,849,643,0,864428,75,2664747,2,785,261,3529175,206,103,1764587,0,CA,01.09.2007,web,1,12
2005,0,1,180,180,1,5000000,100,5000000,1,0,0,5000000,0,0,5000000,0,CA,05.08.2005,search,1,8
2000,0,3,2594,0,0,23230896,47,28243048,3,1788,596,59000000,2594,864,19666666,1,VA,01.01.2000,software,2,9
2001,1,2,3417,1596,1,13850103,56,13850103,3,1956,978,24510540,1821,607,8170180,1,CA,01.01.2001,enterprise,2,5
2009,1,3,1421,427,1,2576255,48,2576255,5,412,137,5350000,994,198,1070000,1,TX,14.07.2009,enterprise,3,8
2005,0,1,429,268,0,5230703,77,18169297,2,0,0,23400000,161,80,11700000,1,ME,01.01.2005,software,2,1
2001,1,1,1801,1801,1,12000000,100,12000000,1,0,0,12000000,0,0,12000000,0,MA,01.01.2001,hardware,4,2
1999,0,2,4528,3414,1,13808656,45,13808656,3,1598,799,30300000,1114,371,10100000,0,CA,01.01.1999,games_video,4,9
2005,0,5,1437,304,1,28202037,51,28202037,4,1527,305,55000000,1133,283,13750000,1,CA,01.01.2005,web,2,26
2009,1,3,893,691,0,1938962,83,9561038,2,466,155,11500000,202,101,5750000,1,MA,01.01.2009,mobile,1,4
2009,1,1,162,162,1,1200000,100,1200000,1,0,0,1200000,0,0,1200000,0,CA,01.04.2009,web,1,2
2009,1,1,0,0,1,325000,100,325000,1,0,0,325000,0,0,325000,0,CA,01.07.2009,cleantech,4,4
2006,0,1,2332,471,1,26935445,48,26935445,6,0,0,55900000,1861,310,9316666,0,CA,01.01.2006,hardware,3,2
2003,0,1,2722,2722,1,29000000,100,29000000,1,0,0,29000000,0,0,29000000,1,MA,01.01.2003,biotech,7,7
2012,0,1,0,0,1,15000,100,15000,1,0,0,15000,0,0,15000,0,TN,29.01.2012,web,1,2
2007,1,1,432,432,1,1700000,100,1700000,1,0,0,1700000,0,0,1700000,0,CA,01.09.2007,web,1,1
2004,0,1,1605,75,1,12451038,55,12451038,4,0,0,22250000,1530,382,5562500,1,MD,01.12.2004,enterprise,2,6
2010,0,2,434,69,0,491987,57,663013,2,110,55,1155000,365,182,577500,1,CA,24.05.2010,software,9,6
2009,1,1,120,120,1,20000,100,20000,1,0,0,20000,0,0,20000,0,MI,01.01.2009,web,1,3
2006,0,2,44,44,1,9150000,100,9150000,1,2010,1005,9150000,0,0,9150000,1,CA,01.05.2006,web,2,6
2011,0,3,401,118,0,3117396,68,8323484,4,438,146,12123837,283,70,3030959,1,NY,01.03.2011,education,4,5
2007,1,2,1654,915,1,214294029,71,214294029,5,272,136,299500000,739,147,59900000,1,TX,01.05.2007,web,1,37
2002,0,5,3019,1470,0,1195909,77,18898367,4,1930,386,24500000,1549,387,6125000,1,MD,01.01.2002,software,4,15
2003,0,2,2342,979,1,17375930,73,17375930,3,1604,802,23500000,1363,454,7833333,1,VA,01.03.2003,mobile,3,11
2000,0,1,2305,2075,0,5127604,65,9922396,2,0,0,15050000,230,115,7525000,1,MA,01.01.2000,software,2,4
2005,0,3,1909,123,0,6665323,33,17904943,4,565,188,53000000,1786,446,13250000,1,CA,01.07.2005,analytics,4,13
2004,0,8,2465,355,1,41735026,92,41735026,4,1426,178,45000000,2110,527,11250000,1,CA,11.10.2004,news,4,57
2004,0,3,1430,731,1,41626876,92,41626876,3,809,269,45000000,699,233,15000000,0,NY,01.01.2004,games_video,1,8
2009,1,2,849,398,1,837646,69,837646,2,679,339,1200000,451,225,600000,1,NY,04.04.2009,mobile,6,8
2001,1,1,1946,592,1,9057761,90,9057761,2,0,0,10000000,1354,677,5000000,1,CA,01.10.2001,semiconductor,3,5
2007,1,2,513,411,1,191388,95,191388,2,221,110,200000,102,51,100000,0,PA,17.10.2007,games_video,2,3
2009,1,3,570,570,1,750000,100,750000,1,193,64,750000,0,0,750000,1,CA,01.02.2009,analytics,9,6
2001,1,1,2299,2299,1,15000000,100,15000000,1,0,0,15000000,0,0,15000000,1,CA,01.01.2001,biotech,3,9
2005,0,3,1731,337,1,16239008,65,16239008,7,2590,863,24900000,1394,199,3557142,1,CA,01.06.2005,music,3,12
2002,0,3,2702,2702,1,8800000,100,8800000,1,1633,544,8800000,0,0,8800000,1,CA,01.01.2002,security,5,15
2011,0,2,378,378,1,1000000,100,1000000,1,378,189,1000000,0,0,1000000,0,IL,01.08.2011,web,1,2
2008,1,3,1261,0,1,33495077,93,33495077,4,712,237,36000000,1261,315,9000000,1,CA,01.01.2008,software,3,9
1995,0,1,3971,3971,1,1000000,100,1000000,1,0,0,1000000,0,0,1000000,0,CA,01.01.1995,hardware,1,3
2006,0,1,2024,334,0,34832206,52,38167794,2,0,0,73000000,1690,845,36500000,1,CA,01.01.2006,biotech,3,9
2003,0,3,1356,1083,1,39134971,92,39134971,2,499,166,42500000,273,136,21250000,1,TX,01.01.2003,public_relations,5,16
2011,0,1,100,47,0,3205,70,7795,2,0,0,11000,53,26,5500,0,NY,01.03.2011,web,1,5
2003,0,1,3408,1657,0,1303720,93,17696280,2,0,0,19000000,1751,875,9500000,0,MA,01.01.2003,software,3,2
2009,1,3,579,31,1,3966469,69,3966469,2,688,229,5700000,548,274,2850000,1,CA,01.08.2009,enterprise,4,5
2007,1,5,306,30,0,1696437,62,2803563,2,1527,305,4500000,276,138,2250000,0,CA,01.04.2007,games_video,1,4
2007,1,2,1562,1127,0,729241,63,1270759,2,377,188,2000000,435,217,1000000,1,CA,01.01.2007,software,8,7
2007,1,2,1173,1173,1,2700000,100,2700000,1,591,295,2700000,0,0,2700000,1,NY,01.01.2007,games_video,2,5
2001,1,3,1682,942,0,2294864,67,4805136,2,3519,1173,7100000,740,370,3550000,1,CA,01.01.2001,web,1,3
2011,0,3,434,254,0,920633,84,5079367,2,716,238,6000000,180,90,3000000,1,MA,01.02.2011,mobile,6,5
2007,1,2,603,213,0,164602,69,375398,2,1325,662,540000,390,195,270000,1,NY,01.10.2007,web,2,6
2007,1,3,1340,608,0,1472661,63,2527339,2,2,0,4000000,732,366,2000000,1,MA,04.06.2007,web,3,12
2010,0,2,304,304,1,154000,100,154000,1,495,247,154000,0,0,154000,0,CA,01.10.2010,real_estate,1,5
2000,0,1,3631,2742,1,33157858,64,33157858,5,0,0,51450000,889,177,10290000,1,CA,01.01.2000,games_video,5,3
2009,1,3,286,71,1,2279242,97,2279242,4,428,142,2345000,215,53,586250,1,MA,31.03.2009,enterprise,5,13
2008,1,2,1207,797,0,878410,56,1121590,2,298,149,2000000,410,205,1000000,1,CA,11.04.2008,web,1,6
2006,0,2,684,457,1,1382068,53,1382068,3,138,69,2600000,227,75,866666,1,CA,01.03.2006,network_hosting,3,13
2008,1,3,671,31,0,529796,68,7929863,3,336,112,11500000,640,213,3833333,1,CA,01.01.2008,enterprise,1,3
2010,0,2,834,260,0,817477,84,4382523,2,121,60,5200000,574,287,2600000,0,CA,01.09.2010,photo_video,1,5
2001,1,2,1711,1711,1,10000000,100,10000000,1,1865,932,10000000,0,0,10000000,1,MA,01.01.2001,mobile,7,12
2002,0,4,1703,1703,1,6000000,100,6000000,1,541,135,6000000,0,0,6000000,1,CA,01.01.2002,advertising,3,25
2003,0,2,1826,1013,0,286856,52,9095996,3,2405,1202,17400000,813,271,5800000,1,CA,01.01.2003,web,5,2
2006,0,2,579,15,1,9201484,92,9201484,2,771,385,10000000,564,282,5000000,1,UT,01.06.2006,web,2,4
2005,0,1,1935,0,0,763710,56,19490534,4,0,0,34700000,1935,483,8675000,1,CA,01.01.2005,software,2,17
2005,0,4,2647,304,0,467651,27,7600468,7,144,36,27300000,2343,334,3900000,1,NY,01.05.2005,games_video,2,23
2002,0,1,2135,790,1,44407801,61,44407801,4,0,0,72000000,1345,336,18000000,0,CA,01.01.2002,other,1,3
2011,0,1,529,247,0,9778,53,11411,2,0,0,21189,282,141,10594,0,CA,01.01.2011,mobile,1,2
2000,0,1,2192,2192,1,10000000,100,10000000,1,0,0,10000000,0,0,10000000,1,CA,01.01.2000,semiconductor,1,2
2001,1,2,2544,2544,1,5000000,100,5000000,1,4338,2169,5000000,0,0,5000000,1,TX,01.01.2001,security,5,6
2005,0,1,2334,932,0,1221420,90,11578580,2,0,0,12800000,1402,701,6400000,0,IL,15.05.2005,software,2,15
2005,0,1,1403,355,1,33402393,78,33402393,4,0,0,42500000,1048,262,10625000,1,CA,01.01.2005,mobile,2,18
2010,0,1,513,306,0,8222093,56,10577907,2,0,0,18800000,207,103,9400000,1,NY,01.01.2010,fashion,2,4
2004,0,1,2692,243,1,19089064,51,19089064,6,0,0,37079000,2449,408,6179833,1,CA,18.08.2004,security,3,6
2010,0,2,234,0,1,26755273,65,26755273,2,542,271,41000000,234,117,20500000,0,CA,01.08.2010,other,1,11
2006,0,6,1764,900,0,1231739,75,3768261,2,1836,306,5000000,864,432,2500000,0,VA,01.06.2006,web,1,4
2004,0,1,970,970,1,4000000,100,4000000,1,0,0,4000000,0,0,4000000,0,NY,01.07.2004,software,1,1
2002,0,1,1266,1266,1,30000000,100,30000000,1,0,0,30000000,0,0,30000000,1,CA,01.01.2002,semiconductor,4,3
2001,1,1,3397,1492,1,30462424,92,30462424,3,0,0,33000000,1905,635,11000000,1,CA,01.01.2001,enterprise,3,5
2004,0,2,397,397,1,11500000,100,11500000,1,836,418,11500000,0,0,11500000,1,CA,01.01.2004,advertising,2,15
2003,0,3,2100,305,0,5490767,58,14505848,5,749,249,24750000,1795,359,4950000,1,CA,01.11.2003,music,2,13
2004,0,3,1461,943,0,1136768,76,3763232,2,944,314,4900000,518,259,2450000,0,CA,01.01.2004,mobile,1,5
2010,0,1,31,31,1,31000,100,31000,1,0,0,31000,0,0,31000,0,NY,01.09.2010,web,2,1
2005,0,2,1020,273,1,14229319,56,14229319,3,649,324,25000000,747,249,8333333,1,CA,01.01.2005,security,2,5
2005,0,2,2070,485,1,7365304,61,7365304,3,1159,579,12000000,1585,528,4000000,1,MA,01.01.2005,software,2,4
2006,0,3,2378,620,0,3510086,60,6514969,5,601,200,10764323,1758,351,2152864,1,IL,01.01.2006,software,2,3
2000,0,1,2463,2463,1,25000000,100,25000000,1,0,0,25000000,0,0,25000000,1,CA,01.01.2000,biotech,1,3
2004,0,5,2058,789,1,31905459,76,31905459,4,1409,281,41500019,1269,317,10375004,1,NY,01.09.2004,music,4,13
2008,1,2,1492,1492,1,1000000,100,1000000,1,189,94,1000000,0,0,1000000,1,CA,01.08.2008,advertising,5,13
2008,1,4,993,0,1,1724231,45,1724231,4,1805,451,3800000,993,248,950000,1,TX,01.01.2008,messaging,4,4
2007,1,3,793,675,0,253042,74,746958,2,1063,354,1000000,118,59,500000,1,CA,01.10.2007,analytics,4,4
2006,0,3,761,455,1,2844333,86,2844333,2,1031,343,3300000,306,153,1650000,1,CA,01.01.2006,advertising,2,4
2002,0,4,4056,1309,0,1452442,84,8137354,3,726,181,9650000,2747,915,3216666,1,MA,01.01.2002,mobile,4,13
2002,0,2,1597,1319,0,4454724,62,7345276,2,2890,1445,11800000,278,139,5900000,1,MA,01.01.2002,search,4,1
2006,0,3,1434,0,0,1765479,78,14082929,3,1029,343,18000000,1434,478,6000000,1,NY,06.09.2006,advertising,2,16
2008,1,2,537,537,1,2000000,100,2000000,1,171,85,2000000,0,0,2000000,1,NY,01.01.2008,ecommerce,3,5
2006,0,2,1542,219,0,2948022,60,5733721,3,1907,953,9500000,1323,441,3166666,1,CA,01.10.2006,software,2,9
2007,1,2,1042,281,1,1742389,99,1742389,2,1199,599,1750000,761,380,875000,1,IL,08.06.2007,travel,1,3
2010,0,2,411,158,0,1863520,80,7936480,2,310,155,9800000,253,126,4900000,1,CA,01.05.2010,news,4,23
2011,0,2,282,282,1,2000000,100,2000000,1,305,152,2000000,0,0,2000000,0,CA,01.01.2011,web,1,3
2004,0,1,2111,2111,1,10000000,100,10000000,1,0,0,10000000,0,0,10000000,0,CA,01.01.2004,hardware,3,1
2008,1,3,260,260,1,3200000,100,3200000,1,518,172,3200000,0,0,3200000,1,CA,01.01.2008,web,1,5
2010,0,2,701,194,1,1484362,70,1484362,3,264,132,2100000,507,169,700000,0,CA,01.10.2010,enterprise,1,12
2006,0,3,1496,64,1,9318247,93,9318247,4,1575,525,10000000,1432,358,2500000,1,CA,01.01.2006,web,1,8
2012,0,3,171,171,1,3750000,100,3750000,1,210,70,3750000,0,0,3750000,1,CA,01.01.2012,mobile,9,5
2005,0,2,1144,396,1,2481736,59,2481736,2,736,368,4200000,748,374,2100000,1,CA,01.01.2005,enterprise,1,16
2008,1,3,991,430,1,38133355,84,38133355,3,420,140,45039999,561,187,15013333,1,CA,01.11.2008,games_video,3,21
2010,0,2,108,108,1,400000,100,400000,1,29,14,400000,0,0,400000,1,CA,01.01.2010,web,1,3
2009,1,2,377,377,1,2600000,100,2600000,1,273,136,2600000,0,0,2600000,1,CA,18.03.2009,web,4,5
2001,1,1,1826,1826,1,6500000,100,6500000,1,0,0,6500000,0,0,6500000,1,CO,01.01.2001,software,1,3
2006,0,2,965,965,1,5000000,100,5000000,1,2698,1349,5000000,0,0,5000000,1,CA,01.01.2006,cleantech,1,4
2008,1,2,1848,0,1,5409314,71,5409314,3,288,144,7600000,1848,616,2533333,1,CA,01.01.2008,advertising,5,10
2005,0,3,365,365,1,5000000,100,5000000,1,404,134,5000000,0,0,5000000,1,CO,01.06.2005,mobile,1,6
2005,0,2,948,948,1,12170000,100,12170000,1,936,468,12170000,0,0,12170000,0,CA,01.08.2005,enterprise,1,7
2007,1,2,939,939,1,500000,100,500000,1,799,399,500000,0,0,500000,1,CA,01.01.2007,web,5,7
2008,1,2,1094,749,1,3375983,86,3375983,2,661,330,3915000,345,172,1957500,1,NY,01.01.2008,advertising,3,9
2010,0,3,446,446,1,1350000,100,1350000,1,707,235,1350000,0,0,1350000,1,CA,01.01.2010,web,10,2
2009,1,3,1078,338,0,519253,83,3122167,3,697,232,3750000,740,246,1250000,1,NY,01.12.2009,fashion,2,2
2005,0,1,1332,365,1,7216245,59,7216245,2,0,0,12100000,967,483,6050000,0,CA,01.01.2005,web,1,10
2005,0,2,209,209,1,15000000,100,15000000,1,1037,518,15000000,0,0,15000000,0,CA,01.01.2005,network_hosting,1,12
2008,1,2,0,0,1,1000000,100,1000000,1,268,134,1000000,0,0,1000000,1,NY,01.01.2008,web,1,0
2005,0,2,2611,371,0,853117,50,6557829,4,906,453,13075000,2240,560,3268750,1,CA,14.02.2005,advertising,4,10
2011,0,2,193,61,0,410237,58,572763,2,831,415,983000,132,66,491500,1,NY,01.05.2011,messaging,6,4
2010,0,3,311,311,1,500000,100,500000,1,1074,358,500000,0,0,500000,0,CA,04.10.2010,web,3,3
2002,0,1,1315,1315,1,10000000,100,10000000,1,0,0,10000000,0,0,10000000,0,CA,01.01.2002,public_relations,4,2
2003,0,1,2077,937,0,5767546,53,11953526,3,0,0,22400000,1140,380,7466666,1,NC,01.01.2003,network_hosting,3,3
2005,0,3,1417,975,1,5657997,75,5657997,2,1211,403,7500000,442,221,3750000,1,VA,01.01.2005,software,1,4
2000,0,1,3726,1955,0,5870140,51,41877372,4,0,0,81017493,1771,442,20254373,1,CA,01.01.2000,semiconductor,5,2
2006,0,3,1374,87,1,25400955,76,25400955,4,533,177,33000000,1287,321,8250000,0,TX,06.08.2006,software,4,10
2009,1,2,1699,489,1,4168820,57,4168820,5,6,3,7228704,1210,242,1445740,0,CO,01.01.2009,finance,1,0
2007,1,3,390,390,1,4300000,100,4300000,1,1151,383,4300000,0,0,4300000,0,CA,01.03.2007,advertising,1,4
2010,0,3,730,730,1,200000,100,200000,1,780,260,200000,0,0,200000,0,NY,01.01.2010,mobile,1,8
2005,0,3,1172,839,1,6051766,50,6051766,2,358,119,12000000,333,166,6000000,0,CA,01.01.2005,advertising,2,4
2008,1,3,871,649,0,14662658,80,61337342,2,846,282,76000000,222,111,38000000,1,CA,01.02.2008,games_video,4,37
2004,0,3,1370,1370,1,10000000,100,10000000,1,443,147,10000000,0,0,10000000,1,NY,01.04.2004,advertising,1,7
2003,0,1,2092,789,1,15800733,71,15800733,3,0,0,22000000,1303,434,7333333,1,CA,01.01.2003,software,2,5
2002,0,2,3103,2069,0,116473,75,1058984,3,489,244,1400000,1034,344,466666,1,CA,01.01.2002,software,1,4
2006,0,4,1334,0,0,11180684,54,14747142,3,789,197,27300000,1334,444,9100000,1,CO,01.01.2006,advertising,3,14
2005,0,1,1474,1474,1,20000000,100,20000000,1,0,0,20000000,0,0,20000000,1,NY,01.01.2005,advertising,1,10
2008,1,3,1461,121,1,1432378,98,1432378,4,476,158,1449998,1340,335,362499,0,NY,01.01.2008,social,1,8
2011,0,3,419,3,1,650944,72,650944,3,456,152,900000,416,138,300000,0,NY,17.05.2011,social,1,5
2012,0,2,265,13,1,43946,62,43946,2,163,81,70000,252,126,35000,1,CA,10.01.2012,news,1,4
2009,1,3,822,325,1,12686133,34,12686133,4,34,11,36500000,497,124,9125000,1,NY,01.03.2009,ecommerce,1,21
2008,1,1,1467,761,0,258847,65,766946,5,0,0,1178000,706,141,235600,1,MA,01.07.2008,software,5,5
2007,1,2,915,528,0,20336683,50,20663317,2,416,208,41000000,387,193,20500000,1,CA,01.12.2007,fashion,1,15
2008,1,2,573,7,0,437490,51,672439,3,871,435,1310000,566,188,436666,1,NY,08.07.2008,software,6,12
1999,0,1,3101,3101,1,44000000,100,44000000,1,0,0,44000000,0,0,44000000,0,CA,01.01.1999,biotech,1,5
2009,1,3,1316,266,1,1394546,29,1394546,5,918,306,4705910,1050,210,941182,1,NY,01.07.2009,mobile,3,5
2011,0,2,478,249,1,4031863,87,4031863,2,827,413,4600000,229,114,2300000,1,MA,01.01.2011,advertising,9,5
2006,0,1,703,244,1,6811794,63,6811794,2,0,0,10800000,459,229,5400000,0,NY,01.04.2006,enterprise,1,2
2002,0,1,2004,2004,1,3170000,100,3170000,1,0,0,3170000,0,0,3170000,0,CA,01.01.2002,web,2,1
2005,0,1,1294,638,0,23355805,70,56644195,2,0,0,80000000,656,328,40000000,0,CA,01.01.2005,mobile,1,4
1999,0,1,3783,3783,1,21000000,100,21000000,1,0,0,21000000,0,0,21000000,0,CO,01.01.1999,semiconductor,1,4
2011,0,3,124,124,1,1200000,100,1200000,1,427,142,1200000,0,0,1200000,1,NY,15.11.2011,travel,5,9
2007,1,1,520,520,1,6000000,100,6000000,1,0,0,6000000,0,0,6000000,1,CA,01.01.2007,advertising,2,7
2006,0,3,912,396,0,761544,90,7638456,2,912,304,8400000,516,258,4200000,1,MA,01.01.2006,web,2,10
2007,1,1,790,494,0,471613,95,10028387,2,0,0,10500000,296,148,5250000,0,CA,01.01.2007,other,2,3
2009,1,2,399,399,1,10000000,100,10000000,1,202,101,10000000,0,0,10000000,1,CA,01.09.2009,software,7,6
2006,0,2,857,0,1,21927589,97,21927589,3,1884,942,22487000,857,285,7495666,1,CA,01.01.2006,semiconductor,2,7
2009,1,2,487,487,1,2000000,100,2000000,1,651,325,2000000,0,0,2000000,1,WA,01.03.2009,web,11,3
2011,0,2,213,0,0,14397,88,110603,2,4,2,125000,213,106,62500,1,NH,01.08.2011,mobile,1,9
2004,0,1,935,397,0,2986037,68,6513963,2,0,0,9500000,538,269,4750000,0,CA,01.01.2004,software,2,7
2000,0,3,4345,1328,0,9308118,39,94258957,7,620,206,238209999,3017,431,34029999,1,IN,01.12.2000,software,2,29
2003,0,2,1133,922,1,11909144,53,11909144,2,2235,1117,22300000,211,105,11150000,1,WA,01.01.2003,software,4,5
2009,1,3,382,193,0,292517,81,7977106,3,760,253,9807367,189,63,3269122,1,CA,01.05.2009,advertising,8,30
2010,0,2,235,92,0,144086,72,387914,2,175,87,532000,143,71,266000,1,WA,01.08.2010,enterprise,5,6
2010,0,2,245,245,1,100000,100,100000,1,276,138,100000,0,0,100000,0,CA,01.05.2010,games_video,1,3
2006,0,1,456,456,1,1500000,100,1500000,1,0,0,1500000,0,0,1500000,0,CA,01.09.2006,ecommerce,1,6
2000,0,3,2618,1676,0,7127557,38,9535617,4,4810,1603,25000000,942,235,6250000,1,CA,01.07.2000,games_video,3,7
2010,0,1,0,0,1,1500000,100,1500000,1,0,0,1500000,0,0,1500000,0,NY,01.02.2010,fashion,6,2
2009,1,2,890,890,1,17000000,100,17000000,1,40,20,17000000,0,0,17000000,1,GA,01.01.2009,enterprise,5,10
1990,1,2,6200,6200,1,6000000,100,6000000,1,606,303,6000000,0,0,6000000,0,CA,10.04.1990,network_hosting,1,7
2006,0,2,729,729,1,6000000,100,6000000,1,1315,657,6000000,0,0,6000000,1,WA,01.12.2006,network_hosting,1,3
2011,0,1,0,0,1,20000,100,20000,1,0,0,20000,0,0,20000,0,OH,01.09.2011,fashion,1,2
2002,0,1,2305,1590,1,10578881,67,10578881,3,0,0,15650000,715,238,5216666,1,GA,01.01.2002,cleantech,1,1
2007,1,3,1444,1282,0,62932736,87,447067264,2,322,107,510000000,162,81,255000000,0,CO,01.01.2007,cleantech,1,5
2001,1,1,2400,1547,1,23843765,78,23843765,2,0,0,30500000,853,426,15250000,1,CA,01.01.2001,enterprise,4,10
2003,0,3,3287,887,0,6818442,63,41336720,6,524,174,64630000,2400,400,10771666,1,CA,01.01.2003,mobile,3,10
2004,0,1,2135,615,0,11620152,43,12173803,3,0,0,27690547,1520,506,9230182,1,CA,01.01.2004,cleantech,4,4
2009,1,2,580,580,1,3000000,100,3000000,1,496,248,3000000,0,0,3000000,1,CA,25.11.2009,software,2,6
2007,1,1,822,540,0,642138,83,3357862,2,0,0,4000000,282,141,2000000,1,CA,01.10.2007,web,1,6
2006,0,1,1654,1654,1,1310000,100,1310000,1,0,0,1310000,0,0,1310000,0,CA,01.01.2006,news,1,1
2007,1,2,1604,0,1,7550556,31,7550556,7,453,226,24300000,1604,229,3471428,0,NH,01.01.2007,software,1,5
2004,0,2,1601,731,0,10161163,39,11917065,4,952,476,30000000,870,217,7500000,0,WA,01.01.2004,network_hosting,2,7
2008,1,1,795,583,1,1262863,52,1262863,2,0,0,2387481,212,106,1193740,0,NV,01.09.2008,analytics,1,2
2005,0,4,996,638,0,1006858,69,14902287,3,1605,401,21500000,358,119,7166666,1,CA,01.10.2005,mobile,3,16
2004,0,5,273,273,1,5000000,100,5000000,1,1560,312,5000000,0,0,5000000,1,TX,01.11.2004,web,3,12
2000,0,2,730,517,0,777363,72,6359689,3,1612,806,8800000,213,71,2933333,1,OR,01.01.2000,network_hosting,1,3
2009,1,2,889,263,1,2959101,98,2959101,2,739,369,3000000,626,313,1500000,1,CA,01.01.2009,messaging,2,7
2007,1,3,695,695,1,1500000,100,1500000,1,766,255,1500000,0,0,1500000,1,NY,01.10.2007,music,1,13
2003,0,1,2469,944,0,12174134,50,24699181,5,0,0,49000000,1525,305,9800000,0,CA,01.01.2003,security,3,8
2005,0,1,851,273,1,13338637,88,13338637,2,0,0,15000000,578,289,7500000,1,CA,01.01.2005,software,3,6
2006,0,2,1004,0,0,2203646,88,17796354,2,698,349,20000000,1004,502,10000000,1,MA,01.01.2006,enterprise,1,9
2011,0,2,663,30,0,1014331,43,1732781,3,444,222,4000000,633,211,1333333,1,NY,01.06.2011,web,2,7
2006,0,2,271,271,1,4000000,100,4000000,1,1003,501,4000000,0,0,4000000,0,TX,01.06.2006,search,2,9
2007,1,4,777,15,1,5599979,99,5599979,3,1138,284,5600000,762,254,1866666,1,NY,16.04.2007,web,2,9
2005,0,2,1152,570,1,13963068,64,13963068,2,181,90,21750000,582,291,10875000,1,NY,01.01.2005,games_video,2,8
2006,0,1,471,471,1,2000000,100,2000000,1,0,0,2000000,0,0,2000000,0,TX,01.10.2006,web,1,3
2009,1,3,1040,1040,1,3500000,100,3500000,1,469,156,3500000,0,0,3500000,1,MN,01.01.2009,enterprise,2,7
2010,0,3,766,4,0,3436082,55,32072013,3,253,84,57500000,762,254,19166666,1,CA,01.03.2010,photo_video,4,12
2010,0,3,577,271,1,2277843,49,2277843,3,627,209,4575000,306,102,1525000,1,NY,01.01.2010,web,5,10
2004,0,1,1166,718,1,11341840,88,11341840,2,0,0,12800000,448,224,6400000,1,CA,01.01.2004,mobile,2,5
2004,0,3,2627,892,1,22326769,87,22326769,3,3261,1087,25500100,1735,578,8500033,0,CA,22.10.2004,software,2,6
2007,1,2,158,75,0,22068,94,392932,2,906,453,415000,83,41,207500,1,CO,18.05.2007,network_hosting,1,6
2000,0,2,2966,2684,1,19545077,79,19545077,2,9,4,24500000,282,141,12250000,1,MA,01.01.2000,security,5,13
2005,0,5,1579,30,1,80541732,90,80541732,7,711,142,88651133,1549,221,12664447,1,NY,01.09.2005,mobile,3,12
2000,0,2,2259,1899,1,6255633,62,6255633,2,1966,983,10000000,360,180,5000000,1,MO,01.07.2000,mobile,4,6
2002,0,1,1709,1436,0,8793227,51,9456773,2,0,0,18250000,273,136,9125000,1,CA,01.01.2002,search,2,3
2007,1,3,2086,351,1,34089601,96,34089601,6,307,102,35200000,1735,289,5866666,1,CA,15.01.2007,analytics,2,18
2001,1,1,1541,1541,1,16000000,100,16000000,1,0,0,16000000,0,0,16000000,1,CA,01.01.2001,software,3,6
2007,1,3,1033,913,1,18933208,67,18933208,2,148,49,28000000,120,60,14000000,0,CA,01.01.2007,enterprise,1,13
1984,0,1,7992,7992,1,8000000,100,8000000,1,0,0,8000000,0,0,8000000,0,NC,01.01.1984,software,2,1
2009,1,2,764,120,1,125732,72,125732,3,520,260,172500,644,214,57500,1,MA,01.01.2009,web,1,4
1998,0,1,3368,2647,1,34725015,66,34725015,3,0,0,52000000,721,240,17333333,0,MA,01.01.1998,security,2,1
2001,1,1,1477,730,1,13030497,48,13030497,3,0,0,26800000,747,249,8933333,1,TX,01.01.2001,software,3,4
2009,1,2,741,485,1,989780,64,989780,3,11,5,1525000,256,85,508333,1,IL,01.01.2009,ecommerce,2,5
2006,0,5,2155,0,1,11649653,38,11649653,7,1203,240,29915001,2155,307,4273571,1,NY,01.03.2006,advertising,2,18
2010,0,2,325,325,1,4000000,100,4000000,1,437,218,4000000,0,0,4000000,0,NY,01.01.2010,mobile,1,15
2007,1,1,1373,305,1,562045,39,562045,3,0,0,1420698,1068,356,473566,1,NY,01.08.2007,mobile,2,5
2004,0,2,366,366,1,5000000,100,5000000,1,878,439,5000000,0,0,5000000,0,CA,01.01.2004,games_video,3,2
2008,1,1,244,244,1,2600000,100,2600000,1,0,0,2600000,0,0,2600000,0,CA,01.01.2008,search,1,2
2005,0,1,293,293,1,1200000,100,1200000,1,0,0,1200000,0,0,1200000,0,CA,10.05.2005,software,1,4
2006,0,1,732,732,1,30000000,100,30000000,1,0,0,30000000,0,0,30000000,1,MA,01.01.2006,ecommerce,2,1
2005,0,3,1269,1269,1,11370000,100,11370000,1,709,236,11370000,0,0,11370000,1,CA,01.01.2005,network_hosting,2,8
2010,0,1,1051,0,0,371057,97,12328943,2,0,0,12700000,1051,525,6350000,1,CA,01.07.2010,analytics,1,15
2006,0,2,1004,273,1,2227364,63,2227364,2,1076,538,3500000,731,365,1750000,1,CA,01.08.2006,games_video,3,5
2011,0,2,895,277,0,118773,52,131227,2,269,134,250000,618,309,125000,1,NV,01.01.2011,news,1,3
2006,0,2,1738,790,0,5588033,48,5819607,3,1004,502,12000000,948,316,4000000,1,CA,01.01.2006,analytics,2,13
2009,1,2,984,984,1,1300000,100,1300000,1,286,143,1300000,0,0,1300000,1,OR,01.04.2009,mobile,1,5
2004,0,2,1873,1873,1,2000000,100,2000000,1,1953,976,2000000,0,0,2000000,0,WI,03.12.2004,advertising,2,6
2006,0,2,1146,1035,1,62552439,50,62552439,2,145,72,125000000,111,55,62500000,0,CT,01.01.2006,mobile,2,0
2008,1,1,1577,289,1,23092512,90,23092512,3,0,0,25500000,1288,429,8500000,1,CA,01.01.2008,cleantech,2,5
2006,0,4,1203,183,0,4249887,62,16684737,3,1799,449,26500000,1020,340,8833333,1,MA,01.06.2006,mobile,2,18
2001,1,2,3241,365,0,13302978,40,25216383,5,1892,946,62600000,2876,575,12520000,1,CA,01.01.2001,semiconductor,9,7
2001,1,1,3396,1477,1,13307965,70,13307965,5,0,0,18914576,1919,383,3782915,1,WA,01.01.2001,enterprise,3,2
2008,1,2,547,60,1,1934900,55,1934900,2,870,435,3500000,487,243,1750000,1,CA,01.01.2008,software,1,6
2011,0,2,20,20,1,100000,100,100000,1,121,60,100000,0,0,100000,0,FL,11.11.2011,social,1,4
2000,0,1,2658,1995,0,8783646,44,12060642,3,0,0,27000000,663,221,9000000,1,CA,01.06.2000,software,6,5
2005,0,3,2810,2139,0,1899239,66,19212281,4,661,220,28932322,671,167,7233080,1,CA,01.01.2005,advertising,2,28
2004,0,2,2143,448,1,23858258,72,23858258,4,1113,556,33000000,1695,423,8250000,1,IL,10.05.2004,software,5,4
2007,1,3,1096,821,1,366102,97,366102,3,743,247,375000,275,91,125000,1,CA,01.01.2007,music,1,3
2003,0,2,3437,1679,0,302168862,51,2944005226,4,1649,824,5700000000,1758,439,1425000000,1,WA,01.10.2003,mobile,4,19
2008,1,2,1016,484,1,2016864,99,2016864,3,533,266,2030882,532,177,676960,1,MA,01.12.2008,software,3,5
2007,1,2,597,334,1,486123,97,486123,2,452,226,500000,263,131,250000,1,MA,01.01.2007,web,2,7
2003,0,1,1482,1482,1,15000000,100,15000000,1,0,0,15000000,0,0,15000000,1,CA,01.01.2003,public_relations,4,7
2011,0,1,6,6,1,30000,100,30000,1,0,0,30000,0,0,30000,0,WA,01.03.2011,advertising,2,1
2009,1,2,687,687,1,1600000,100,1600000,1,591,295,1600000,0,0,1600000,1,CA,01.01.2009,games_video,3,6
2003,0,2,2627,1415,1,26452545,94,26452545,4,1654,827,28000000,1212,303,7000000,0,CA,01.09.2003,ecommerce,1,3
2001,1,3,2543,852,0,19208119,68,47040653,3,1569,523,68200000,1691,563,22733333,1,CA,01.09.2001,hardware,4,11
2002,0,2,2100,2100,1,1000000,100,1000000,1,668,334,1000000,0,0,1000000,1,NY,01.01.2002,software,3,4
2011,0,2,317,0,0,282218,87,2022781,2,640,320,2304999,317,158,1152499,1,CA,01.01.2011,mobile,5,3
2010,0,2,0,0,1,20000,100,20000,1,215,107,20000,0,0,20000,0,TX,01.05.2010,mobile,1,5
2010,0,2,327,0,1,2663720,59,2663720,2,247,123,4500000,327,163,2250000,1,VA,01.01.2010,web,2,9
2003,0,1,2070,1153,0,3467078,85,20032922,2,0,0,23500000,917,458,11750000,1,CA,01.01.2003,software,5,9
2005,0,4,290,290,1,4000000,100,4000000,1,467,116,4000000,0,0,4000000,0,CA,15.01.2005,web,1,7
2008,1,2,644,644,1,3750000,100,3750000,1,1126,563,3750000,0,0,3750000,1,NY,01.10.2008,analytics,1,5
2008,1,3,467,467,1,5000000,100,5000000,1,321,107,5000000,0,0,5000000,1,CA,01.11.2008,cleantech,1,8
2010,0,1,1009,0,1,458121,96,458121,3,0,0,475000,1009,336,158333,1,CA,01.02.2010,travel,4,4
2009,1,2,90,90,1,3000000,100,3000000,1,199,99,3000000,0,0,3000000,1,MA,17.10.2009,software,1,9
2007,1,4,1034,303,1,3120385,62,3120385,3,821,205,5000000,731,243,1666666,1,PA,01.02.2007,advertising,1,17
2002,0,2,1171,1171,1,10000000,100,10000000,1,959,479,10000000,0,0,10000000,1,CA,01.10.2002,software,2,11
2008,1,1,179,179,1,240000,100,240000,1,0,0,240000,0,0,240000,1,NY,05.06.2008,games_video,2,6
2004,0,4,135,135,1,6200000,100,6200000,1,2324,581,6200000,0,0,6200000,1,CA,19.08.2004,search,2,5
2009,1,2,189,189,1,1100000,100,1100000,1,1440,720,1100000,0,0,1100000,1,CA,01.01.2009,advertising,6,9
2004,0,3,2468,601,1,12189403,35,12189403,3,641,213,34100000,1867,622,11366666,1,CA,01.01.2004,finance,3,25
2005,0,3,1935,608,1,32961647,41,32961647,6,919,306,78500000,1327,221,13083333,1,NJ,01.01.2005,ecommerce,3,27
2004,0,1,1707,1707,1,50000000,100,50000000,1,0,0,50000000,0,0,50000000,1,CO,01.01.2004,web,4,0
2006,0,2,1759,638,1,38543524,69,38543524,4,298,149,55350000,1121,280,13837500,1,NY,01.01.2006,finance,4,8
2003,0,1,2333,533,0,7038921,56,33007122,3,0,0,58000000,1800,600,19333333,1,CA,01.01.2003,biotech,5,4
2009,1,1,577,0,0,114141,71,285859,2,0,0,400000,577,288,200000,0,WA,01.01.2009,web,1,1
2005,0,1,1698,806,0,4435263,77,15564737,2,0,0,20000000,892,446,10000000,1,TX,28.08.2005,security,2,1
2000,0,1,2963,1899,1,8729509,87,8729509,2,0,0,10000000,1064,532,5000000,0,MA,01.01.2000,public_relations,1,2
2008,1,1,758,303,0,3463129,93,51536871,2,0,0,55000000,455,227,27500000,1,MA,01.01.2008,biotech,2,4
2001,1,1,1568,1568,1,5000000,100,5000000,1,0,0,5000000,0,0,5000000,0,WA,01.01.2001,software,5,3
2000,0,1,3637,2141,1,49453852,91,49453852,6,0,0,53818873,1496,249,8969812,1,CA,01.01.2000,hardware,4,7
2010,0,1,669,669,1,690000,100,690000,1,0,0,690000,0,0,690000,0,OH,01.02.2010,web,3,4
2005,0,3,151,151,1,100000,100,100000,1,745,248,100000,0,0,100000,1,CA,01.01.2005,web,1,9
2005,0,1,1761,1761,1,5000000,100,5000000,1,0,0,5000000,0,0,5000000,0,TX,01.01.2005,mobile,1,1
2002,0,1,1659,1659,1,7500000,100,7500000,1,0,0,7500000,0,0,7500000,0,CA,01.01.2002,network_hosting,3,3
2009,1,1,657,657,1,1100000,100,1100000,1,0,0,1100000,0,0,1100000,1,NY,01.01.2009,web,8,8
2006,0,1,2175,575,1,24564985,96,24564985,5,0,0,25413298,1600,320,5082659,1,MA,01.01.2006,network_hosting,3,6
2000,0,1,2363,2048,0,5438388,82,25481612,2,0,0,30920000,315,157,15460000,1,TX,01.01.2000,public_relations,3,3
2000,0,1,2699,2699,1,10000000,100,10000000,1,0,0,10000000,0,0,10000000,1,CA,01.01.2000,biotech,1,4
2007,1,3,994,994,1,600000,100,600000,1,1969,656,600000,0,0,600000,1,CA,01.01.2007,web,7,5
2007,1,4,271,92,1,2169055,54,2169055,2,781,195,4000000,179,89,2000000,1,CA,01.08.2007,web,3,22
2012,0,1,109,109,1,19000,100,19000,1,0,0,19000,0,0,19000,0,GA,01.01.2012,ecommerce,1,1
2006,0,1,1815,452,1,9946561,75,9946561,5,0,0,13130000,1363,272,2626000,0,MA,01.01.2006,web,1,1
2008,1,2,1347,1154,0,7792522,52,8507478,2,548,274,16300000,193,96,8150000,1,MA,01.01.2008,enterprise,2,6
2005,0,3,1307,1307,1,4100000,100,4100000,1,3137,1045,4100000,0,0,4100000,0,WA,01.01.2005,web,1,3
2005,0,2,2343,120,1,122360364,57,122360364,8,1395,697,211403000,2223,277,26425375,0,CA,01.11.2005,cleantech,2,6
2004,0,3,1274,1274,1,10000000,100,10000000,1,979,326,10000000,0,0,10000000,1,WA,11.05.2004,enterprise,2,10
2009,1,2,795,59,1,3057066,91,3057066,4,244,122,3350000,736,184,837500,1,VA,01.01.2009,mobile,1,3
2006,0,2,150,150,1,6100000,100,6100000,1,925,462,6100000,0,0,6100000,1,CA,01.01.2006,search,4,10
2002,0,2,2893,1315,1,8972230,41,8972230,3,188,94,21460663,1578,526,7153554,1,FL,01.01.2002,software,4,1
2002,0,1,1632,1632,1,13000000,100,13000000,1,0,0,13000000,0,0,13000000,1,OR,01.01.2002,software,4,6
2009,1,2,688,456,0,355949,65,664051,2,354,177,1020000,232,116,510000,1,CA,01.06.2009,social,2,4
1999,0,1,2874,2734,1,12572220,69,12572220,2,0,0,18000000,140,70,9000000,0,CA,01.01.1999,hardware,1,6
2010,0,1,896,661,0,88417,92,1086583,2,0,0,1175000,235,117,587500,0,PA,01.01.2010,software,1,2
2010,0,3,248,116,0,1620688,85,9829312,2,751,250,11450000,132,66,5725000,1,NY,01.05.2010,messaging,8,16
2001,1,3,1589,1589,1,10000000,100,10000000,1,1066,355,10000000,0,0,10000000,1,NY,01.03.2001,games_video,4,7
2008,1,1,1298,1077,1,19640313,94,19640313,2,0,0,20757182,221,110,10378591,1,CA,01.01.2008,biotech,1,3
2005,0,3,2897,396,0,5000436,45,6940463,6,1617,539,15324624,2501,416,2554104,1,CO,01.01.2005,enterprise,2,10
2003,0,1,2912,1958,1,34621058,91,34621058,3,0,0,37891054,954,318,12630351,1,CA,01.01.2003,semiconductor,3,5
2005,0,3,1948,151,1,27529445,86,27529445,4,609,203,32006000,1797,449,8001500,1,CA,01.01.2005,mobile,1,21
2008,1,3,1685,0,1,7959827,34,7959827,4,722,240,23400000,1685,421,5850000,1,NY,01.03.2008,travel,2,15
2010,0,2,696,514,1,1166380,52,1166380,2,730,365,2212000,182,91,1106000,1,NY,01.03.2010,analytics,3,5
2010,0,2,169,169,1,3500000,100,3500000,1,197,98,3500000,0,0,3500000,0,CA,01.09.2010,enterprise,1,16
2004,0,2,2535,2133,1,7715408,59,7715408,2,168,84,13000000,402,201,6500000,0,CA,01.01.2004,hardware,1,6
2006,0,2,1416,64,0,8343736,58,12193126,3,903,451,20750000,1352,450,6916666,1,CA,01.01.2006,hardware,2,12
2005,0,3,2030,298,0,6694014,56,18319163,4,1252,417,32500000,1732,433,8125000,0,NC,01.04.2005,enterprise,2,8
2005,0,1,1277,1277,1,5000000,100,5000000,1,0,0,5000000,0,0,5000000,0,CA,01.01.2005,cleantech,1,6
2002,0,2,3154,1863,1,8822263,88,8822263,3,448,224,10000000,1291,430,3333333,1,CA,02.05.2002,advertising,1,10
2003,0,2,2203,1020,1,22484014,49,22484014,4,184,92,45000000,1183,295,11250000,0,CA,01.01.2003,security,2,16
2008,1,3,248,248,1,4000000,100,4000000,1,478,159,4000000,0,0,4000000,1,CA,01.01.2008,web,3,15
2000,0,5,3044,671,1,3726427,76,3726427,2,2877,575,4900000,2373,1186,2450000,1,PA,01.03.2000,enterprise,1,4
2001,1,2,1826,1095,1,14051032,96,14051032,2,281,140,14500000,731,365,7250000,1,MA,01.01.2001,advertising,2,16
2009,1,2,1072,553,0,807941,64,1442059,2,430,215,2250000,519,259,1125000,1,CA,19.03.2009,web,8,6
2000,0,1,2235,2235,1,18000000,100,18000000,1,0,0,18000000,0,0,18000000,1,CA,01.01.2000,network_hosting,7,9
2004,0,3,1214,517,1,23763005,66,23763005,2,1970,656,36000000,697,348,18000000,1,CA,01.01.2004,hardware,3,11
2008,1,3,535,153,1,7207866,96,7207866,2,367,122,7500000,382,191,3750000,1,CA,01.06.2008,enterprise,3,12
2007,1,2,790,365,0,1417716,59,2082284,2,354,177,3500000,425,212,1750000,1,CA,01.01.2007,games_video,2,10
2008,1,3,841,841,1,2500000,100,2500000,1,983,327,2500000,0,0,2500000,1,MA,01.07.2008,search,2,4
2007,1,4,1771,212,0,6687117,62,49137847,5,1646,411,78573646,1559,311,15714729,1,CA,01.01.2007,games_video,4,10
2006,0,1,1473,1473,1,954000,100,954000,1,0,0,954000,0,0,954000,0,CA,01.01.2006,public_relations,1,3
2005,0,1,1838,31,1,12896383,65,12896383,3,0,0,19743770,1807,602,6581256,1,CA,01.01.2005,software,2,10
2007,1,2,1701,758,1,12427825,91,12427825,2,52,26,13600000,943,471,6800000,1,GA,01.01.2007,software,3,9
2004,0,2,2100,1461,0,3792537,83,74433641,4,28,14,89500000,639,159,22375000,0,CA,01.01.2004,finance,1,6
2009,1,1,528,518,0,299220,70,700780,2,0,0,1000000,10,5,500000,1,NY,01.09.2009,advertising,3,5
2002,0,1,2933,730,0,4744878,42,12502840,4,0,0,29288979,2203,550,7322244,1,CA,01.01.2002,software,2,9
2003,0,1,2030,638,0,24101677,36,25732514,3,0,0,69600000,1392,464,23200000,1,CA,01.10.2003,semiconductor,7,5
2009,1,1,469,469,1,15000,100,15000,1,0,0,15000,0,0,15000,0,OH,19.09.2009,ecommerce,1,1
2005,0,5,1796,1133,1,8658303,75,8658303,2,1223,244,11500000,663,331,5750000,1,CA,01.01.2005,mobile,2,10
2006,0,3,365,365,1,1000000,100,1000000,1,1461,487,1000000,0,0,1000000,1,CA,01.10.2006,web,1,4
2010,0,2,906,388,1,813615,85,813615,2,477,238,950000,518,259,475000,0,IL,01.03.2010,mobile,3,1
2006,0,4,1571,488,1,38772715,83,38772715,4,1370,342,46300000,1083,270,11575000,1,CA,01.05.2006,games_video,4,12
2008,1,3,750,81,1,3091983,88,3091983,4,1415,471,3499997,669,167,874999,1,NY,17.10.2008,advertising,1,8
2009,1,4,1312,263,0,6923068,47,31674511,4,431,107,66000000,1049,262,16500000,1,CA,01.03.2009,fashion,2,17
2009,1,1,212,0,1,33687,63,33687,2,0,0,53000,212,106,26500,0,MA,01.08.2009,web,1,1
2004,0,2,1882,895,1,26663645,95,26663645,3,201,100,28000000,987,329,9333333,1,MA,01.01.2004,software,2,7
2002,0,1,1961,120,0,15269716,48,17034742,3,0,0,35150000,1841,613,11716666,1,CA,01.01.2002,web,3,9
2007,1,3,1364,415,1,7433729,52,7433729,3,275,91,14229998,949,316,4743332,1,CA,01.12.2007,web,3,14
2009,1,1,1068,314,0,884287,69,13167108,3,0,0,19000000,754,251,6333333,1,CA,01.01.2009,enterprise,2,4
2009,1,2,503,432,1,1897287,99,1897287,2,650,325,1900000,71,35,950000,0,NY,01.01.2009,web,2,7
2007,1,2,934,90,1,10226205,79,10226205,3,1013,506,12800000,844,281,4266666,1,NY,01.01.2007,games_video,1,11
2000,0,1,2670,2670,1,16980999,100,16980999,1,0,0,16980999,0,0,16980999,1,MD,01.01.2000,biotech,1,6
2009,1,3,755,755,1,6500000,100,6500000,1,652,217,6500000,0,0,6500000,1,CA,01.01.2009,advertising,3,6
2005,0,3,1909,1733,0,5145210,82,24854790,2,694,231,30000000,176,88,15000000,1,TX,01.01.2005,network_hosting,1,10
2005,0,2,2197,775,0,3800560,63,13941287,3,1647,823,21900000,1422,474,7300000,1,MA,01.01.2005,software,1,5
2009,1,3,1042,395,0,1664652,70,4021731,2,1058,352,5686383,647,323,2843191,1,NY,01.04.2009,mobile,2,9
2006,0,2,1600,904,1,2993341,59,2993341,3,581,290,5056559,696,232,1685519,1,WA,11.08.2006,mobile,1,10
2001,1,3,3440,842,1,60159536,61,60159536,7,2525,841,98170000,2598,371,14024285,0,CA,01.01.2001,mobile,5,12
2009,1,3,687,687,1,1000000,100,1000000,1,498,166,1000000,0,0,1000000,0,NY,01.01.2009,fashion,7,5
2000,0,3,2372,0,1,21865382,81,21865382,3,3530,1176,26914000,2372,790,8971333,1,CA,01.01.2000,software,6,24
2007,1,4,2140,1418,1,5684290,84,5684290,2,1196,299,6700000,722,361,3350000,1,NY,01.11.2007,music,8,9
2006,0,3,2584,485,0,43792954,35,45537131,8,778,259,129677153,2099,262,16209644,1,CA,01.01.2006,enterprise,3,25
2009,1,2,343,343,1,100000,100,100000,1,847,423,100000,0,0,100000,1,CA,01.09.2009,messaging,3,4
2003,0,1,2638,1625,1,3177411,53,3177411,2,0,0,5992316,1013,506,2996158,1,TX,01.01.2003,enterprise,2,5
2007,1,4,1341,153,1,7044732,44,7044732,3,1600,400,16000000,1188,396,5333333,1,CA,01.06.2007,web,5,24
2003,0,2,3115,2032,1,24957973,68,24957973,3,815,407,36300000,1083,361,12100000,0,CA,01.01.2003,automotive,1,3
2009,1,3,478,478,1,200000,100,200000,1,574,191,200000,0,0,200000,1,WA,16.11.2009,news,1,11
2006,0,2,1368,334,0,5579846,42,11830858,3,1570,785,28000000,1034,344,9333333,1,MA,01.01.2006,network_hosting,2,14
2006,0,4,455,0,1,2656968,85,2656968,2,1620,405,3100000,455,227,1550000,1,CA,01.01.2006,games_video,2,4
2001,1,1,3893,2879,0,7847867,78,33476802,3,0,0,42700000,1014,338,14233333,0,MI,01.01.2001,cleantech,3,2
2012,0,2,172,172,1,500000,100,500000,1,335,167,500000,0,0,500000,1,CA,01.01.2012,web,1,12
2004,0,2,1553,1252,0,7190749,74,20809251,2,152,76,28000000,301,150,14000000,1,MA,01.01.2004,other,2,13
2006,0,3,1680,678,1,6616558,44,6616558,4,917,305,14800000,1002,250,3700000,1,CA,01.06.2006,mobile,2,15
2005,0,3,434,434,1,1000000,100,1000000,1,2039,679,1000000,0,0,1000000,1,CA,24.05.2005,hardware,2,5
2010,0,2,348,82,0,128003,81,571997,2,178,89,700000,266,133,350000,0,CT,01.01.2010,web,1,2
2008,1,5,645,30,1,245969,43,245969,3,1718,343,560001,615,205,186667,1,NY,01.04.2008,software,3,6
2008,1,2,31,31,1,16700000,100,16700000,1,414,207,16700000,0,0,16700000,0,MA,01.01.2008,web,4,7
2004,0,1,1985,883,0,3675750,73,19240552,3,0,0,26100000,1102,367,8700000,1,CA,01.01.2004,semiconductor,3,2
1999,0,3,4777,3805,1,3796112,92,3796112,3,1366,455,4087500,972,324,1362500,0,CA,01.05.1999,enterprise,1,4
2008,1,3,1485,1485,1,3800000,100,3800000,1,661,220,3800000,0,0,3800000,1,CA,01.06.2008,photo_video,2,2
2006,0,2,1562,516,1,578246,64,578246,2,1407,703,889999,1046,523,444999,0,CA,01.01.2006,mobile,3,5
2000,0,3,2891,2251,1,74280650,74,74280650,3,1186,395,100000000,640,213,33333333,1,MD,01.01.2000,web,2,6
2009,1,2,1205,652,1,3138247,93,3138247,3,90,45,3352194,553,184,1117398,0,NC,01.01.2009,analytics,9,8
2009,1,1,903,151,0,8295709,53,16824358,3,0,0,31500000,752,250,10500000,1,CA,01.01.2009,enterprise,3,19
2006,0,1,605,360,1,3847972,51,3847972,2,0,0,7500000,245,122,3750000,0,CA,01.01.2006,games_video,1,1
2009,1,2,203,203,1,130000,100,130000,1,713,356,130000,0,0,130000,1,NY,10.08.2009,web,1,3
2009,1,2,1034,277,1,8779068,56,8779068,2,1123,561,15500000,757,378,7750000,1,CA,01.01.2009,software,1,12
2011,0,1,519,488,0,243237,76,771763,2,0,0,1015000,31,15,507500,1,CA,01.06.2011,enterprise,1,5
2010,0,1,304,304,1,12000,100,12000,1,0,0,12000,0,0,12000,0,WA,01.01.2010,games_video,1,3
2006,0,2,942,942,1,20000000,100,20000000,1,586,293,20000000,0,0,20000000,0,CA,01.01.2006,software,4,4
2006,0,2,412,412,1,5000000,100,5000000,1,612,306,5000000,0,0,5000000,1,CA,01.04.2006,web,1,7
2008,1,2,1252,857,0,4741318,84,25258682,2,601,300,30000000,395,197,15000000,0,CA,01.01.2008,software,2,4
2006,0,1,687,687,1,10000000,100,10000000,1,0,0,10000000,0,0,10000000,0,VA,01.01.2006,software,1,2
2004,0,1,2833,397,1,23429555,58,23429555,5,0,0,40000000,2436,487,8000000,1,CA,01.01.2004,mobile,4,9
2008,1,3,965,904,1,17887872,86,17887872,2,651,217,20750000,61,30,10375000,1,CA,01.01.2008,enterprise,2,8
2007,1,3,582,226,1,11098758,76,11098758,2,1216,405,14600000,356,178,7300000,0,CA,01.01.2007,software,2,8
2005,0,3,1907,124,1,37314328,76,37314328,4,1107,369,48730000,1783,445,12182500,1,MA,01.01.2005,software,3,5
2004,0,1,1462,1461,1,7672853,54,7672853,2,0,0,14000000,1,0,7000000,1,MA,01.01.2004,software,1,2
2000,0,1,3700,1346,1,26151387,96,26151387,4,0,0,27101994,2354,588,6775498,1,MA,01.01.2000,enterprise,4,2
2007,1,5,1768,79,1,47145710,67,47145710,5,2201,440,70000000,1689,337,14000000,0,CA,01.07.2007,enterprise,4,22
2006,0,4,809,809,1,1000000,100,1000000,1,974,243,1000000,0,0,1000000,0,CA,01.01.2006,mobile,1,5
2000,0,1,2403,2005,0,2359650,81,10640350,2,0,0,13000000,398,199,6500000,1,MD,01.01.2000,network_hosting,1,3
2007,1,5,1294,239,1,16544602,63,16544602,3,991,198,26000000,1055,351,8666666,1,CA,01.05.2007,messaging,3,27
2001,1,4,3328,1704,0,583769,60,22445630,3,1113,278,37000000,1624,541,12333333,0,CA,01.01.2001,software,1,33
2007,1,2,244,244,1,50000,100,50000,1,649,324,50000,0,0,50000,0,CA,01.12.2007,advertising,3,7
2003,0,3,1476,706,1,22590957,92,22590957,2,2988,996,24300000,770,385,12150000,1,CA,01.01.2003,web,2,2
2009,1,1,784,378,1,1017910,96,1017910,2,0,0,1050000,406,203,525000,0,IL,01.01.2009,web,1,2
2004,0,4,1615,547,1,32007647,45,32007647,4,2062,515,69750000,1068,267,17437500,1,CA,01.01.2004,games_video,5,15
2004,0,1,1399,1399,1,15000000,100,15000000,1,0,0,15000000,0,0,15000000,0,WA,01.01.2004,other,1,3
2001,1,3,1382,808,1,2623005,60,2623005,2,1975,658,4355000,574,287,2177500,1,TX,01.01.2001,software,1,8
2010,0,2,630,490,1,5593569,96,5593569,2,658,329,5800000,140,70,2900000,1,RI,01.07.2010,enterprise,4,8
2006,0,1,943,943,1,3000000,100,3000000,1,0,0,3000000,0,0,3000000,1,CA,01.01.2006,web,1,5
1999,0,1,3997,1016,1,9041228,47,9041228,3,0,0,19009671,2981,993,6336557,0,MA,01.12.1999,biotech,2,10
2010,0,2,91,91,1,20000,100,20000,1,284,142,20000,0,0,20000,0,CA,01.06.2010,web,1,1
2004,0,2,2272,1737,0,5933166,65,11066834,2,933,466,17000000,535,267,8500000,1,CA,01.01.2004,mobile,3,2
2005,0,1,1878,1878,1,2000000,100,2000000,1,0,0,2000000,0,0,2000000,1,MA,01.01.2005,web,1,4
2007,1,2,1430,61,1,12292519,83,12292519,2,1065,532,14700000,1369,684,7350000,1,NY,01.11.2007,software,4,8
2013,0,2,0,0,1,5675000,100,5675000,1,623,311,5675000,0,0,5675000,1,CA,05.02.2013,web,4,21
2005,0,3,480,480,1,15000000,100,15000000,1,867,289,15000000,0,0,15000000,1,CA,06.01.2005,web,1,30
2003,0,1,1155,1155,1,15000000,100,15000000,1,0,0,15000000,0,0,15000000,1,CA,01.01.2003,software,3,6
2008,1,4,1437,1218,1,1031490,56,1031490,3,2635,658,1820000,219,73,606666,1,CA,01.07.2008,mobile,1,5
2001,1,1,3284,1703,1,10331219,96,10331219,5,0,0,10700000,1581,316,2140000,1,CO,01.01.2001,software,2,12
2002,0,1,2873,1461,0,367886,96,9632114,2,0,0,10000000,1412,706,5000000,1,CA,01.01.2002,semiconductor,4,5
2010,0,2,638,638,1,575000,100,575000,1,405,202,575000,0,0,575000,1,NY,01.02.2010,web,6,4
2000,0,1,2816,2127,1,13804677,55,13804677,2,0,0,25000000,689,344,12500000,1,CA,01.01.2000,software,4,11
2005,0,3,2245,1508,1,1876986,85,1876986,2,197,65,2192000,737,368,1096000,0,IN,01.01.2005,public_relations,1,10
2011,0,1,417,270,0,976956,93,14723044,2,0,0,15700000,147,73,7850000,1,CA,01.01.2011,automotive,3,15
2010,0,2,646,386,1,99534,74,99534,3,30,15,132885,260,86,44295,0,IL,24.09.2010,games_video,1,6
2000,0,1,3285,2349,0,2712716,67,21466117,3,0,0,32000000,936,312,10666666,1,CA,01.01.2000,semiconductor,3,10
2004,0,5,2895,810,1,33260567,82,33260567,3,2709,541,40300000,2085,695,13433333,1,CA,01.01.2004,mobile,4,7
2011,0,1,243,243,1,20000,100,20000,1,0,0,20000,0,0,20000,0,CA,01.09.2011,messaging,1,2
2007,1,1,2220,165,1,7804652,51,7804652,3,0,0,15286415,2055,685,5095471,1,TN,01.01.2007,photo_video,1,2
2009,1,2,413,257,1,15923449,83,15923449,2,276,138,19000000,156,78,9500000,1,CA,01.01.2009,games_video,3,12
2005,0,3,908,335,1,15027109,67,15027109,3,1022,340,22400000,573,191,7466666,1,WA,01.12.2005,mobile,3,18
2012,0,2,252,0,0,8753,98,641247,2,252,126,650000,252,126,325000,0,IL,01.08.2012,ecommerce,1,6
2004,0,1,755,755,1,25000000,100,25000000,1,0,0,25000000,0,0,25000000,1,MA,01.01.2004,software,5,3
2010,0,2,901,475,0,744505,58,1055495,2,901,450,1800000,426,213,900000,0,NY,01.09.2010,education,5,3
1999,0,2,4514,2956,0,4629131,39,9529596,4,78,39,24200000,1558,389,6050000,0,MA,01.01.1999,software,2,11
2011,0,3,284,284,1,1500000,100,1500000,1,784,261,1500000,0,0,1500000,1,NY,01.01.2011,fashion,1,5
2006,0,3,90,0,1,115739,98,115739,2,1058,352,118000,90,45,59000,1,FL,01.01.2006,web,1,10
2001,1,1,2556,2556,1,3000000,100,3000000,1,0,0,3000000,0,0,3000000,1,OR,01.01.2001,hardware,3,3
2005,0,3,808,78,1,6239788,73,6239788,2,337,112,8500000,730,365,4250000,1,CA,15.07.2005,web,1,8
2007,1,2,1813,1367,0,24818976,64,44181024,2,57,28,69000000,446,223,34500000,1,CA,01.10.2007,software,3,10
2000,0,1,2648,2648,1,12000000,100,12000000,1,0,0,12000000,0,0,12000000,1,CA,01.01.2000,security,2,7
2009,1,3,733,469,0,1651103,71,4048897,2,468,156,5700000,264,132,2850000,1,CA,01.01.2009,enterprise,4,12
2002,0,5,1520,1520,0,7919250,67,16780750,2,2120,424,24700000,0,0,12350000,1,CA,01.01.2002,web,4,5
2005,0,3,1713,119,0,5446755,35,9027947,4,525,175,25200000,1594,398,6300000,1,CA,01.10.2005,software,4,13
2002,0,1,2465,1108,1,26535336,80,26535336,3,0,0,33000000,1357,452,11000000,0,CA,01.01.2002,advertising,4,2
2007,1,4,1516,726,0,4592372,77,18643407,3,861,215,24000000,790,263,8000000,1,CA,01.07.2007,software,3,10
2007,1,2,1382,610,1,5144494,46,5144494,3,371,185,11040000,772,257,3680000,1,CA,01.01.2007,software,2,11
2007,1,1,756,334,0,9548405,54,11451595,2,0,0,21000000,422,211,10500000,1,MA,01.01.2007,software,2,9
2007,1,2,2020,1071,0,2679053,72,6920947,2,832,416,9600000,949,474,4800000,1,WA,01.01.2007,enterprise,3,6
2000,0,2,3197,2055,1,104560984,85,104560984,5,93,46,122500000,1142,228,24500000,1,WA,01.01.2000,mobile,5,9
2011,0,3,132,132,1,100000,100,100000,1,61,20,100000,0,0,100000,0,CA,08.01.2011,ecommerce,1,9
1998,0,2,5122,2808,0,5852849,45,10942370,3,558,279,24150000,2314,771,8050000,0,MA,01.01.1998,software,2,3
2007,1,3,244,244,1,1300000,100,1300000,1,1638,546,1300000,0,0,1300000,0,CA,01.06.2007,web,1,1
2003,0,1,3424,741,0,17447637,56,28157322,4,0,0,49600000,2683,670,12400000,0,TX,01.01.2003,hardware,1,10
2005,0,2,999,212,0,3894004,57,5305996,2,1002,501,9200000,787,393,4600000,1,TX,01.02.2005,web,1,11
2006,0,2,1917,212,0,3427418,43,10105031,4,395,197,23350000,1705,426,5837500,1,CA,01.12.2006,games_video,3,11
2007,1,1,1160,460,0,1460372,68,3239628,2,0,0,4700000,700,350,2350000,1,IL,01.03.2007,security,1,6
2004,0,1,2951,1623,0,15424295,41,20467580,6,0,0,49008830,1328,221,8168138,0,CA,01.01.2004,biotech,1,4
2003,0,1,1127,1127,1,3100000,100,3100000,1,0,0,3100000,0,0,3100000,1,CA,01.01.2003,advertising,5,6
2004,0,1,1330,397,1,18439403,41,18439403,3,0,0,44000000,933,311,14666666,1,TX,01.01.2004,semiconductor,4,2
2005,0,4,883,883,1,7000000,100,7000000,1,2151,537,7000000,0,0,7000000,1,CA,01.07.2005,web,2,5
2004,0,2,2458,1132,0,3421718,49,7330326,3,997,498,14700000,1326,442,4900000,1,MA,01.01.2004,medical,1,3
2003,0,1,1546,846,0,3608091,65,6991909,2,0,0,10600000,700,350,5300000,0,VA,01.01.2003,mobile,3,2
2004,0,5,1730,822,1,35770822,91,35770822,3,707,141,39007789,908,302,13002596,1,NY,01.03.2004,enterprise,3,22
2005,0,2,2130,549,1,55717184,77,55717184,6,797,398,72000000,1581,263,12000000,1,CA,01.05.2005,advertising,2,25
2005,0,3,1764,1405,1,6405108,68,6405108,3,837,279,9400000,359,119,3133333,1,CA,01.06.2005,enterprise,1,18
2003,0,3,1303,1303,1,9400000,100,9400000,1,1278,426,9400000,0,0,9400000,1,WA,01.01.2003,network_hosting,1,2
2012,0,1,288,247,1,112716,90,112716,2,0,0,125000,41,20,62500,0,NJ,01.08.2012,analytics,1,2
2010,0,2,753,485,1,9328356,71,9328356,2,195,97,13000000,268,134,6500000,1,CA,01.01.2010,mobile,3,11
2009,1,3,546,282,1,9491138,90,9491138,3,1584,528,10500000,264,88,3500000,1,NY,01.10.2009,photo_video,6,14
2006,0,3,974,921,1,13442618,92,13442618,2,519,173,14500000,53,26,7250000,1,TX,01.01.2006,network_hosting,1,11
2010,0,4,374,153,0,698372,92,9101628,2,510,127,9800000,221,110,4900000,1,OR,01.08.2010,enterprise,4,10
2003,0,1,1743,882,0,6867728,54,8132272,2,0,0,15000000,861,430,7500000,0,MA,01.01.2003,software,2,2
2007,1,2,61,61,1,500000,100,500000,1,965,482,500000,0,0,500000,1,CA,01.06.2007,network_hosting,4,4
2000,0,1,3395,1430,0,6172429,74,18327571,2,0,0,24500000,1965,982,12250000,1,CA,01.01.2000,hardware,2,10
2007,1,2,681,681,1,2300000,100,2300000,1,680,340,2300000,0,0,2300000,0,CA,01.01.2007,cleantech,1,2
2006,0,3,1608,92,0,9363823,45,21825126,5,1269,423,48500000,1516,303,9700000,1,CA,01.11.2006,advertising,2,27
2006,0,3,1172,426,1,7165582,58,7165582,2,751,250,12300000,746,373,6150000,1,NY,01.04.2006,enterprise,1,16
2006,0,4,2380,1446,0,4070298,69,9179702,2,1135,283,13250000,934,467,6625000,1,CO,02.02.2006,advertising,2,4
2007,1,3,1380,61,0,264756,57,361340,2,833,277,626096,1319,659,313048,0,NY,01.11.2007,mobile,1,6
2002,0,1,1771,1771,1,4000000,100,4000000,1,0,0,4000000,0,0,4000000,1,CO,01.01.2002,security,5,5
2005,0,3,942,699,0,142547,96,3457453,2,1795,598,3600000,243,121,1800000,0,CA,01.01.2005,web,1,10
2003,0,3,1186,1186,1,14500000,100,14500000,1,1482,494,14500000,0,0,14500000,1,CA,01.01.2003,enterprise,9,19
2008,1,3,1541,308,0,3977365,43,10546857,3,1521,507,24030000,1233,411,8010000,1,CA,01.01.2008,advertising,3,18
2005,0,4,1236,0,1,26004677,91,26004677,5,1210,302,28300000,1236,247,5660000,1,CA,01.01.2005,web,2,17
2007,1,3,884,183,1,5272697,50,5272697,3,1119,373,10400001,701,233,3466667,1,TX,28.08.2007,web,6,21
2002,0,1,2029,1252,1,13930344,71,13930344,3,0,0,19500000,777,259,6500000,1,CA,01.01.2002,software,3,10
2006,0,4,898,212,0,9636711,44,12682455,3,946,236,28300000,686,228,9433333,1,MA,01.10.2006,advertising,1,17
2008,1,4,1353,262,1,10089580,45,10089580,3,1128,282,22100000,1091,363,7366666,1,CA,08.01.2008,analytics,2,11
2008,1,1,0,0,1,250000,100,250000,1,0,0,250000,0,0,250000,0,CA,01.09.2008,network_hosting,1,3
2006,0,3,608,546,0,501301,98,29648699,2,2746,915,30150000,62,31,15075000,0,CA,01.01.2006,advertising,1,2
2009,1,3,328,328,1,1420000,100,1420000,1,445,148,1420000,0,0,1420000,1,NY,01.01.2009,social,16,12
2005,0,1,1234,0,0,1023871,84,20172710,3,0,0,24000000,1234,411,8000000,1,CA,01.01.2005,network_hosting,2,5
2002,0,2,3268,1995,1,14589985,76,14589985,3,42,21,19000000,1273,424,6333333,1,TX,01.01.2002,enterprise,5,4
2010,0,2,293,293,1,5000000,100,5000000,1,515,257,5000000,0,0,5000000,0,CA,01.01.2010,web,1,5
2000,0,1,3343,2532,0,501737,52,6828978,3,0,0,13000000,811,270,4333333,1,CA,01.01.2000,mobile,3,6
2005,0,3,1027,585,1,7300638,66,7300638,2,1453,484,11000000,442,221,5500000,1,CA,23.02.2005,mobile,2,14
2009,1,2,771,608,1,3805031,62,3805031,2,455,227,6100000,163,81,3050000,1,NY,12.03.2009,social,1,23
2002,0,1,2604,1527,0,16354309,53,36289287,3,0,0,68400000,1077,359,22800000,1,CO,01.01.2002,network_hosting,6,8
2005,0,1,1498,1498,1,5500000,100,5500000,1,0,0,5500000,0,0,5500000,1,CA,01.02.2005,consulting,2,18
2007,1,3,927,0,1,1645529,65,1645529,3,786,262,2515000,927,309,838333,1,CA,01.06.2007,network_hosting,1,9
2000,0,1,3030,1979,0,8738060,65,42968272,3,0,0,65800000,1051,350,21933333,1,CA,01.01.2000,network_hosting,4,6
2004,0,2,1251,860,0,4140647,58,5759353,2,854,427,9900000,391,195,4950000,1,CA,01.01.2004,software,2,4
2007,1,4,917,212,1,1158872,81,1158872,3,1598,399,1415000,705,235,471666,1,CA,01.01.2007,social,1,9
2002,0,1,1940,1143,1,29971508,74,29971508,3,0,0,40000000,797,265,13333333,1,CA,01.01.2002,software,3,5
2003,0,2,2224,1394,1,10097214,50,10097214,2,280,140,19900000,830,415,9950000,1,DC,01.01.2003,software,2,3
2009,1,2,1412,1412,1,1226270,100,1226270,1,94,47,1226270,0,0,1226270,1,IL,01.01.2009,enterprise,1,7
2003,0,2,1851,1239,0,5239478,55,6486122,2,1099,549,11725600,612,306,5862800,1,CA,14.04.2003,mobile,2,3
1997,0,1,3560,3560,1,50000,100,50000,1,0,0,50000,0,0,50000,0,AR,01.01.1997,software,1,1
2006,0,2,1112,731,1,4668215,77,4668215,2,691,345,6000000,381,190,3000000,1,CA,01.08.2006,finance,2,9
2003,0,1,1116,365,0,971864,82,4578136,2,0,0,5550000,751,375,2775000,1,MN,01.01.2003,web,1,3
2010,0,2,967,476,0,551526,78,2583177,3,1342,671,3282327,491,163,1094109,1,CA,01.04.2010,analytics,2,4
2006,0,4,1449,150,0,4013116,51,12606113,4,553,138,24500000,1299,324,6125000,0,MA,01.09.2006,software,1,13
2006,0,1,2174,1600,1,31558200,57,31558200,2,0,0,55000000,574,287,27500000,0,IL,01.01.2006,biotech,4,5
2009,1,2,1236,1236,1,1500000,100,1500000,1,1627,813,1500000,0,0,1500000,1,DC,12.06.2009,enterprise,2,4
2006,0,4,963,214,1,6252143,37,6252143,3,923,230,16500000,749,249,5500000,1,CA,01.06.2006,web,1,13
2002,0,1,1471,1471,1,12500000,100,12500000,1,0,0,12500000,0,0,12500000,1,WA,01.01.2002,network_hosting,3,5
2007,1,2,815,153,0,16030424,54,18969576,2,768,384,35000000,662,331,17500000,1,CA,01.05.2007,enterprise,2,8
2005,0,4,1520,424,0,11437222,42,14034886,4,2161,540,33000000,1096,274,8250000,1,CA,01.01.2005,mobile,1,19
2002,0,1,2058,2058,1,10500000,100,10500000,1,0,0,10500000,0,0,10500000,1,MA,01.01.2002,security,4,3
2009,1,4,1406,470,1,8161043,87,8161043,2,1037,259,9356180,936,468,4678090,1,CA,30.04.2009,analytics,1,11
2006,0,5,1109,243,1,12776318,74,12776318,3,1115,223,17200000,866,288,5733333,1,NY,01.01.2006,games_video,2,10
2006,0,1,700,700,1,4410000,100,4410000,1,0,0,4410000,0,0,4410000,1,CA,01.06.2006,mobile,1,4
2008,1,3,257,166,0,236151,76,763849,2,422,140,1000000,91,45,500000,1,CA,01.11.2008,finance,5,5
2010,0,1,60,60,1,3000000,100,3000000,1,0,0,3000000,0,0,3000000,1,CA,01.05.2010,software,1,3
2007,1,1,0,0,1,5000000,100,5000000,1,0,0,5000000,0,0,5000000,0,NY,01.06.2007,games_video,2,2
2009,1,2,1267,0,0,2729064,62,6241974,5,698,349,10000003,1267,253,2000000,1,CO,01.01.2009,enterprise,1,4
2009,1,2,1121,275,0,253937,59,1193075,3,214,107,2000000,846,282,666666,1,CA,01.04.2009,sports,3,16
2006,0,2,1873,243,0,17585320,49,20432869,4,1188,594,41000000,1630,407,10250000,1,MA,01.01.2006,health,1,15
2010,0,1,546,546,1,2500000,100,2500000,1,0,0,2500000,0,0,2500000,1,TX,01.01.2010,analytics,2,5
2007,1,2,992,303,0,662846,86,4337154,2,199,99,5000000,689,344,2500000,1,CA,01.02.2007,web,1,17
2003,0,1,1461,985,0,2904679,85,16795321,2,0,0,19700000,476,238,9850000,0,CA,01.01.2003,software,4,2
2010,0,2,668,668,1,1700000,100,1700000,1,0,0,1700000,0,0,1700000,0,CA,01.02.2010,social,1,4
2005,0,2,1104,487,1,7062853,61,7062853,3,115,57,11489687,617,205,3829895,1,CA,01.09.2005,advertising,3,9
2000,0,1,2749,2749,1,30000000,100,30000000,1,0,0,30000000,0,0,30000000,1,NY,01.01.2000,web,5,2
2012,0,1,214,214,1,2600000,100,2600000,1,0,0,2600000,0,0,2600000,1,CA,01.01.2012,ecommerce,2,8
2005,0,4,1710,610,1,5142471,89,5142471,3,1167,291,5750000,1100,366,1916666,1,CA,01.06.2005,web,1,14
2010,0,4,1326,1326,1,75000000,100,75000000,1,960,240,75000000,0,0,75000000,1,PA,01.01.2010,ecommerce,1,4
2007,1,2,2004,122,0,1119398,47,9232007,5,1036,518,19389998,1882,376,3877999,1,WA,01.09.2007,education,1,14
2002,0,1,3025,2459,1,8728047,96,8728047,2,0,0,9000000,566,283,4500000,1,CA,01.01.2002,web,1,5
2010,0,2,273,273,1,3500000,100,3500000,1,535,267,3500000,0,0,3500000,1,NY,01.02.2010,social,2,5
2006,0,3,522,522,1,4000000,100,4000000,1,406,135,4000000,0,0,4000000,1,CA,01.01.2006,software,4,5
2010,0,1,61,61,1,20000,100,20000,1,0,0,20000,0,0,20000,0,MA,01.03.2010,advertising,1,3
2000,0,3,3697,780,1,56150876,92,56150876,4,646,215,60704370,2917,729,15176092,1,GA,31.10.2000,transportation,2,35
2002,0,3,1371,1371,1,22000000,100,22000000,1,3531,1177,22000000,0,0,22000000,1,MA,01.01.2002,mobile,4,2
2010,0,1,832,489,1,644227,95,644227,2,0,0,675000,343,171,337500,1,TN,01.01.2010,web,1,3
2008,1,3,714,714,1,3011408,100,3011408,1,17,5,3011408,0,0,3011408,1,CA,01.01.2008,software,1,11
2005,0,3,2856,273,0,15344,58,15560005,7,580,193,26390819,2583,369,3770117,0,WA,03.03.2005,web,1,16
2001,1,1,3139,2389,1,17198240,65,17198240,3,0,0,26200000,750,250,8733333,1,CA,01.01.2001,semiconductor,2,4
2002,0,1,3269,1354,1,22353991,88,22353991,4,0,0,25305000,1915,478,6326250,1,CA,01.01.2002,software,2,7
2007,1,2,1917,1144,1,5395060,79,5395060,2,149,74,6760000,773,386,3380000,0,CA,01.01.2007,web,1,6
2007,1,5,1795,272,1,113370187,90,113370187,6,1386,277,125250000,1523,253,20875000,1,NY,01.02.2007,web,3,30
2005,0,6,424,273,1,9478733,82,9478733,2,2350,391,11500000,151,75,5750000,1,CA,01.02.2005,games_video,1,63
2007,1,2,1853,1853,1,5000000,100,5000000,1,471,235,5000000,0,0,5000000,1,CA,01.04.2007,enterprise,1,7
2000,0,4,2203,2203,1,8000000,100,8000000,1,773,193,8000000,0,0,8000000,1,WA,01.01.2000,web,1,19
2008,1,3,996,335,1,7720350,73,7720350,3,114,38,10500000,661,220,3500000,0,CA,01.01.2008,mobile,2,8
2005,0,2,1718,1718,1,940261,100,940261,1,1414,707,940261,0,0,940261,1,IL,01.11.2005,software,1,17
2008,1,2,886,58,0,1395118,84,7604882,2,870,435,9000000,828,414,4500000,0,WA,01.09.2008,ecommerce,1,1
2004,0,4,425,121,1,6277583,78,6277583,2,2654,663,8000000,304,152,4000000,1,IL,01.02.2004,web,4,16
2002,0,1,1414,1247,0,345146,96,8654854,2,0,0,9000000,167,83,4500000,1,NY,01.01.2002,software,4,3
2010,0,3,423,423,1,205000,100,205000,1,1105,368,205000,0,0,205000,1,CA,25.01.2010,web,7,3
2008,1,3,1126,793,0,2202494,41,2805328,3,616,205,6693782,333,111,2231260,1,CA,01.01.2008,real_estate,1,7
2004,0,2,3023,858,0,2861152,72,27505114,4,2658,1329,38064570,2165,541,9516142,1,CA,01.01.2004,security,3,16
2000,0,3,2750,2312,1,13602949,78,13602949,3,1372,457,17400000,438,146,5800000,1,CA,01.12.2000,web,2,8
2003,0,1,2751,2751,1,15000000,100,15000000,1,0,0,15000000,0,0,15000000,1,CA,01.01.2003,medical,6,6
2005,0,3,1317,552,1,6485600,88,6485600,2,1037,345,7350000,765,382,3675000,0,NY,07.04.2005,games_video,1,8
2007,1,2,1256,1256,1,6000000,100,6000000,1,626,313,6000000,0,0,6000000,1,CA,01.01.2007,software,2,6
2004,0,3,989,484,1,17482573,60,17482573,2,764,254,29000000,505,252,14500000,1,CA,06.12.2004,software,2,6
2008,1,1,75,75,1,1500000,100,1500000,1,0,0,1500000,0,0,1500000,0,CA,01.01.2008,games_video,1,1
2000,0,5,1796,1065,0,3133169,80,12866831,2,3835,767,16000000,731,365,8000000,1,MA,01.01.2000,web,1,6
2007,1,3,759,243,0,1483493,55,5560796,3,459,153,10000000,516,172,3333333,1,CA,01.01.2007,advertising,2,23
2008,1,2,1815,783,1,4036035,50,4036035,5,126,63,7939553,1032,206,1587910,1,CA,01.01.2008,web,2,4
2000,0,1,2286,2286,1,22200000,100,22200000,1,0,0,22200000,0,0,22200000,0,CA,01.01.2000,public_relations,9,10
2007,1,4,776,256,1,5385314,97,5385314,3,603,150,5550000,520,173,1850000,1,CA,01.09.2007,games_video,3,10
2008,1,4,1248,153,1,13728276,97,13728276,4,456,114,14100000,1095,273,3525000,1,CA,01.07.2008,enterprise,2,19
2003,0,1,2675,811,1,8788239,79,8788239,3,0,0,11000000,1864,621,3666666,1,CA,01.01.2003,software,1,4
2004,0,4,2124,396,1,27326104,65,27326104,4,1128,282,42000000,1728,432,10500000,1,VA,01.03.2004,web,2,14
2008,1,4,853,853,1,4000000,100,4000000,1,654,163,4000000,0,0,4000000,0,ID,01.10.2008,mobile,1,5
2008,1,2,871,38,1,3396533,84,3396533,2,168,84,4000000,833,416,2000000,0,CA,01.01.2008,travel,1,7
2004,0,1,1439,761,1,13860606,68,13860606,2,0,0,20220000,678,339,10110000,1,CA,01.01.2004,hardware,3,3
2006,0,4,1353,184,0,348033,81,7649836,3,378,94,9400000,1169,389,3133333,1,CA,01.07.2006,games_video,4,5
2003,0,1,1139,1139,1,20000000,100,20000000,1,0,0,20000000,0,0,20000000,1,CA,01.01.2003,security,3,4
2002,0,1,2067,2067,1,30000000,100,30000000,1,0,0,30000000,0,0,30000000,1,CA,01.01.2002,biotech,9,4
2005,0,4,1215,668,0,925319,94,16174681,2,1589,397,17100000,547,273,8550000,1,PA,01.04.2005,web,2,16
2003,0,3,3635,639,0,9624993,61,20643259,7,408,136,33672656,2996,428,4810379,1,CO,01.06.2003,web,2,35
2008,1,3,1617,213,1,4090404,54,4090404,4,326,108,7516703,1404,351,1879175,0,VA,01.01.2008,mobile,1,5
2008,1,3,765,273,0,519276,74,1480724,2,161,53,2000000,492,246,1000000,1,RI,01.11.2008,advertising,1,6
2005,0,3,700,247,1,7842790,54,7842790,2,612,204,14300000,453,226,7150000,1,CA,01.10.2005,web,4,13
2007,1,1,967,967,1,29000000,100,29000000,1,0,0,29000000,0,0,29000000,0,WA,01.01.2007,games_video,1,1
2003,0,1,2239,2239,1,8000000,100,8000000,1,0,0,8000000,0,0,8000000,1,CA,01.01.2003,security,2,5
2006,0,0,894,894,0,334141,66,665859,2,,,1000000,0,0,500000,0,GA,01.06.2006,software,2,0
2002,0,0,1371,1371,1,27500000,100,27500000,1,,,27500000,0,0,27500000,1,CA,01.01.2002,semiconductor,7,1
2006,0,0,510,510,1,205000,100,205000,1,,,205000,0,0,205000,0,MO,19.09.2006,network_hosting,1,1
2002,0,0,3047,1729,1,14132785,63,14132785,10,,,22165091,1318,131,2216509,1,NY,01.01.2002,network_hosting,2,4
2003,0,0,1547,1547,1,50000000,100,50000000,1,,,50000000,0,0,50000000,1,CA,01.01.2003,biotech,6,1
2008,1,0,747,747,1,12000000,100,12000000,1,,,12000000,0,0,12000000,0,NJ,01.01.2008,cleantech,6,2
2011,0,0,579,226,1,500848,56,500848,2,,,890000,353,176,445000,0,NY,01.01.2011,mobile,3,2
2005,0,0,1832,1832,1,26100000,100,26100000,1,,,26100000,0,0,26100000,1,NJ,01.01.2005,biotech,2,1
1985,0,0,7594,7594,1,32000000,100,32000000,1,,,32000000,0,0,32000000,0,GA,01.01.1985,software,7,2
2004,0,0,1768,1768,1,10000000,100,10000000,1,,,10000000,0,0,10000000,0,CA,01.01.2004,software,1,2
2002,0,0,1864,1864,1,25000000,100,25000000,1,,,25000000,0,0,25000000,1,CA,01.01.2002,semiconductor,4,3
2006,0,0,1987,1279,1,2019569,57,2019569,2,,,3508462,708,354,1754231,0,PA,01.06.2006,medical,3,3
1999,0,0,3980,2890,1,12301596,93,12301596,3,,,13222860,1090,363,4407620,0,OH,01.01.1999,other,3,4
2003,0,0,1562,1562,1,9000000,100,9000000,1,,,9000000,0,0,9000000,0,TX,01.01.2003,other,2,4
1996,0,0,4137,4137,1,7410000,100,7410000,1,,,7410000,0,0,7410000,0,NY,01.01.1996,biotech,3,3
2009,1,0,1315,895,0,493322,87,3506678,2,,,4000000,420,210,2000000,0,CA,01.01.2009,manufacturing,1,9
2003,0,0,1224,856,0,34158330,52,38141670,2,,,72300000,368,184,36150000,1,CA,01.01.2003,advertising,4,3
2000,0,0,3466,1983,1,7233222,51,7233222,3,,,14000000,1483,494,4666666,1,WA,28.08.2000,photo_video,3,13
2010,0,0,273,273,1,55199,55,55199,2,,,100000,0,0,50000,0,NY,01.06.2010,advertising,1,3
2006,0,0,1661,248,0,34934534,58,50046693,5,,,85381111,1413,282,17076222,1,MA,01.01.2006,biotech,4,2
2006,0,0,2739,424,1,18155999,95,18155999,4,,,19000000,2315,578,4750000,1,CA,01.01.2006,games_video,2,5
2009,1,0,918,515,0,266321,78,946745,2,,,1213066,403,201,606533,0,PA,01.01.2009,enterprise,1,0
2004,0,0,1641,1641,1,10000000,100,10000000,1,,,10000000,0,0,10000000,1,WA,01.11.2004,software,3,4
2005,0,0,1601,24,0,24086066,38,27005396,4,,,69900000,1577,394,17475000,1,PA,01.01.2005,biotech,4,15
2006,0,0,1098,443,1,6997748,99,6997748,2,,,7000000,655,327,3500000,0,CA,01.01.2006,software,1,4
2004,0,0,1790,1790,1,350000,100,350000,1,,,350000,0,0,350000,0,KY,01.01.2004,web,1,0
2004,0,0,1152,1152,1,20000000,100,20000000,1,,,20000000,0,0,20000000,0,CA,01.01.2004,hardware,3,0
2006,0,0,1674,1674,1,100000,100,100000,1,,,100000,0,0,100000,0,PA,01.01.2006,biotech,1,1
2000,0,0,3148,1936,0,16476786,54,28763842,3,,,53000000,1212,404,17666666,1,CA,01.01.2000,semiconductor,4,4
2005,0,0,2274,752,1,19901488,70,19901488,3,,,28200000,1522,507,9400000,1,MN,01.01.2005,medical,3,7
1996,0,0,4068,4068,1,18000000,100,18000000,1,,,18000000,0,0,18000000,0,AZ,01.01.1996,semiconductor,7,0
2006,0,0,153,153,1,4808258,81,4808258,3,,,5900000,0,0,1966666,0,FL,01.08.2006,software,1,5
2007,1,0,318,318,1,30000,100,30000,1,,,30000,0,0,30000,0,TX,11.12.2007,software,1,1
2006,0,0,2647,914,1,191157146,82,191157146,6,,,232000100,1733,288,38666683,1,CA,01.01.2006,biotech,3,4
2000,0,0,3440,1774,0,23655658,35,25955441,7,,,74000000,1666,238,10571428,0,CA,01.01.2000,semiconductor,1,3
2001,1,0,2192,1885,1,15612565,62,15612565,3,,,25131611,307,102,8377203,1,GA,01.01.2001,mobile,1,1
2003,0,0,958,958,1,25000000,100,25000000,1,,,25000000,0,0,25000000,1,CA,01.01.2003,software,5,4
2006,0,0,1491,1471,1,2103885,93,2103885,2,,,2257464,20,10,1128732,0,MD,01.01.2006,biotech,1,3
1999,0,0,2412,2412,1,200000,100,200000,1,,,200000,0,0,200000,0,VA,01.01.1999,public_relations,1,0
2009,1,0,6,6,1,25000,100,25000,1,,,25000,0,0,25000,0,CA,20.06.2009,web,1,3
2008,1,0,856,856,1,35000000,100,35000000,1,,,35000000,0,0,35000000,0,PA,01.01.2008,cleantech,1,0
2007,1,0,1902,1088,0,4225116,69,9649885,2,,,13875001,814,407,6937500,0,NM,01.01.2007,cleantech,1,4
2006,0,0,731,731,1,500000,100,500000,1,,,500000,0,0,500000,0,NY,29.08.2006,web,5,4
2009,1,0,304,304,1,545000,100,545000,1,,,545000,0,0,545000,0,CA,01.01.2009,public_relations,1,3
2001,1,0,1828,1828,1,980000,100,980000,1,,,980000,0,0,980000,0,MA,01.01.2001,software,1,2
2003,0,0,1470,1470,1,15000000,100,15000000,1,,,15000000,0,0,15000000,0,CA,01.01.2003,semiconductor,1,0
2002,0,0,2177,1346,0,5022000,62,8478000,2,,,13500000,831,415,6750000,1,MA,01.10.2002,software,2,7
2007,1,0,1100,274,1,46516686,86,46516686,3,,,54000000,826,275,18000000,0,CA,01.01.2007,cleantech,2,3
2002,0,0,1216,1216,1,9500000,100,9500000,1,,,9500000,0,0,9500000,0,CA,01.01.2002,software,2,0
2001,1,0,3844,3844,1,2600000,100,2600000,1,,,2600000,0,0,2600000,0,CA,01.01.2001,mobile,1,0
2002,0,0,1540,1540,1,1000000,100,1000000,1,,,1000000,0,0,1000000,0,CA,01.01.2002,network_hosting,2,0
2000,0,0,3013,366,0,13721854,41,28580204,4,,,68400000,2647,661,17100000,1,CA,01.01.2000,mobile,4,6
2003,0,0,2638,1951,0,540927,76,9990115,4,,,13045000,687,171,3261250,1,CA,01.01.2003,semiconductor,2,2
2006,0,0,2458,1431,0,9697566,75,33344914,3,,,44000000,1027,342,14666666,0,MN,01.01.2006,medical,1,3
2000,0,0,1986,1986,1,1000000,100,1000000,1,,,1000000,0,0,1000000,0,WV,01.01.2000,software,3,1
2004,0,0,1277,433,1,10419169,86,10419169,2,,,12050000,844,422,6025000,0,CA,01.01.2004,software,1,0
2002,0,0,2957,1791,1,1979643,44,1979643,3,,,4476171,1166,388,1492057,0,CA,01.01.2002,advertising,2,3
2004,0,0,1431,719,1,11705082,50,11705082,2,,,23000000,712,356,11500000,0,NY,01.10.2004,ecommerce,3,2
2000,0,0,2042,2042,1,26000000,100,26000000,1,,,26000000,0,0,26000000,1,MA,01.01.2000,semiconductor,2,3
2003,0,0,2328,829,1,41130487,76,41130487,6,,,53816776,1499,249,8969462,1,CA,29.08.2003,software,5,8
2002,0,0,1359,1359,1,4000000,100,4000000,1,,,4000000,0,0,4000000,0,CA,01.01.2002,public_relations,3,1
2005,0,0,1334,1334,1,1900000,100,1900000,1,,,1900000,0,0,1900000,0,CO,01.01.2005,other,1,0
2002,0,0,2012,1382,0,32363208,61,50636792,2,,,83000000,630,315,41500000,1,CA,01.01.2002,biotech,1,11
2005,0,0,1295,586,0,5705980,66,21571083,3,,,32200000,709,236,10733333,1,CA,22.04.2005,mobile,4,10
2005,0,0,2081,388,1,39608204,90,39608204,3,,,44000000,1693,564,14666666,0,CA,01.01.2005,hardware,4,0
2007,1,0,1288,1288,1,2000000,100,2000000,1,,,2000000,0,0,2000000,0,CA,01.01.2007,hardware,1,1
2005,0,0,1703,426,1,9531859,61,9531859,3,,,15564591,1277,425,5188197,0,DC,01.05.2005,advertising,3,1
2004,0,0,799,799,1,9000000,100,9000000,1,,,9000000,0,0,9000000,0,TX,01.03.2004,semiconductor,4,32
2009,1,0,279,279,1,500000,100,500000,1,,,500000,0,0,500000,0,PA,01.01.2009,games_video,1,3
2002,0,0,1498,1350,0,3270623,78,11729377,2,,,15000000,148,74,7500000,1,MA,01.01.2002,enterprise,5,4
2005,0,0,1999,1999,1,30000000,100,30000000,1,,,30000000,0,0,30000000,1,CA,01.01.2005,medical,6,5
2003,0,0,1728,1065,0,13281110,55,16718890,2,,,30000000,663,331,15000000,1,CA,01.01.2003,network_hosting,2,1
2000,0,0,2113,2113,1,13000000,100,13000000,1,,,13000000,0,0,13000000,1,WA,01.01.2000,software,4,1
2005,0,0,530,530,1,4000000,100,4000000,1,,,4000000,0,0,4000000,0,CA,01.06.2005,web,3,0
2000,0,0,420,42,0,2026040,65,27517317,3,,,42000000,378,126,14000000,1,MA,03.01.2000,advertising,2,7
2001,1,0,1639,1639,1,11000000,100,11000000,1,,,11000000,0,0,11000000,1,NY,01.01.2001,public_relations,3,2
2008,1,0,0,0,1,120000,100,120000,1,,,120000,0,0,120000,0,CA,01.01.2008,public_relations,2,3
2011,0,0,56,56,1,600000,100,600000,1,,,600000,0,0,600000,0,NY,15.11.2011,web,2,4
2001,1,0,2326,2326,1,4000000,100,4000000,1,,,4000000,0,0,4000000,0,FL,01.01.2001,software,1,0
2008,1,0,487,31,0,231547,53,268453,2,,,500000,456,228,250000,0,CA,01.08.2008,software,1,6
2006,0,0,1728,39,1,12935995,66,12935995,4,,,19550000,1689,422,4887500,0,TX,01.09.2006,consulting,1,0
2008,1,0,135,135,1,7000000,100,7000000,1,,,7000000,0,0,7000000,0,OR,01.01.2008,semiconductor,1,3
2001,1,0,2128,1575,1,12891288,80,12891288,2,,,16000000,553,276,8000000,0,MA,01.01.2001,software,1,1
1999,0,0,3084,3084,1,42700000,100,42700000,1,,,42700000,0,0,42700000,0,CA,01.01.1999,biotech,3,1
2000,0,0,3765,1809,1,27702172,71,27702172,4,,,39000000,1956,489,9750000,0,TX,01.07.2000,semiconductor,3,0
2006,0,0,989,365,1,8441846,70,8441846,2,,,12000000,624,312,6000000,0,NY,01.01.2006,games_video,1,1
2008,1,0,1595,1595,1,662000,100,662000,1,,,662000,0,0,662000,0,ME,01.01.2008,manufacturing,3,0
2001,1,0,1541,1541,1,26000000,100,26000000,1,,,26000000,0,0,26000000,0,CA,01.01.2001,public_relations,4,4
2000,0,0,2064,2064,1,2500000,100,2500000,1,,,2500000,0,0,2500000,0,CA,01.01.2000,software,1,0
1997,0,0,3927,3927,1,2000000,100,2000000,1,,,2000000,0,0,2000000,0,CA,01.01.1997,biotech,1,0
2006,0,0,1657,520,0,4644216,63,11899115,3,,,18700000,1137,379,6233333,0,CA,01.01.2006,semiconductor,1,0
2005,0,0,871,0,0,6174297,52,6825703,2,,,13000000,871,435,6500000,1,CA,01.01.2005,software,2,5
2002,0,0,1156,1156,1,12000000,100,12000000,1,,,12000000,0,0,12000000,1,CA,01.01.2002,games_video,5,4
2000,0,0,2714,1521,1,30955373,88,30955373,2,,,35000000,1193,596,17500000,1,NY,01.01.2000,advertising,3,25
2000,0,0,3799,2516,1,35204149,66,35204149,3,,,52800000,1283,427,17600000,1,CA,01.01.2000,semiconductor,5,5
2002,0,0,2514,2080,0,3191035,63,5608965,2,,,8800000,434,217,4400000,0,GA,01.01.2002,semiconductor,1,2
2010,0,0,298,298,1,2000000,100,2000000,1,,,2000000,0,0,2000000,0,CA,16.08.2010,advertising,1,0
2013,0,0,322,322,1,12000000,100,12000000,1,,,12000000,0,0,12000000,0,CA,01.01.2013,ecommerce,9,7
1992,0,0,5993,5993,1,6000000,100,6000000,1,,,6000000,0,0,6000000,0,TX,01.01.1992,cleantech,1,0
2010,0,0,212,212,1,500000,100,500000,1,,,500000,0,0,500000,0,CA,01.01.2010,real_estate,1,13
2005,0,0,1838,820,1,8861598,93,8861598,2,,,9500000,1018,509,4750000,0,CA,01.01.2005,hardware,3,2
2005,0,0,1809,789,0,1103402,72,2896598,2,,,4000000,1020,510,2000000,0,CT,01.01.2005,messaging,2,2
2008,1,0,0,0,1,125000,100,125000,1,,,125000,0,0,125000,0,FL,01.09.2008,enterprise,1,2
2000,0,0,2612,2399,1,102039521,68,102039521,3,,,148000000,213,71,49333333,0,CA,01.01.2000,hardware,1,1
1999,0,0,397,397,1,20500000,100,20500000,1,,,20500000,0,0,20500000,0,WA,01.12.1999,software,1,5
2000,0,0,2599,2599,1,18800000,100,18800000,1,,,18800000,0,0,18800000,1,TX,01.01.2000,semiconductor,7,3
2004,0,0,1691,1069,0,1175054,92,14024946,2,,,15200000,622,311,7600000,1,CA,01.01.2004,software,2,13
2004,0,0,1430,1430,1,9509214,79,9509214,2,,,12000000,0,0,6000000,0,CA,01.01.2004,hardware,1,2
2001,1,0,1953,1953,1,15000000,100,15000000,1,,,15000000,0,0,15000000,1,NY,01.01.2001,games_video,4,6
2010,0,0,0,0,1,45000000,100,45000000,1,,,45000000,0,0,45000000,0,IL,01.08.2010,web,2,1
2007,1,0,1829,1116,1,58056005,64,58056005,4,,,89400001,713,178,22350000,1,CA,01.01.2007,biotech,4,2
2004,0,0,2661,2154,1,19389399,97,19389399,4,,,19800000,507,126,4950000,1,CA,01.01.2004,biotech,5,1
2002,0,0,2172,2172,1,21500000,100,21500000,1,,,21500000,0,0,21500000,1,TX,01.01.2002,public_relations,4,1
2007,1,0,123,92,0,163312,64,291688,2,,,455000,31,15,227500,0,CO,01.05.2007,public_relations,1,5
2005,0,0,601,601,0,3515202,53,3984798,2,,,7500000,0,0,3750000,1,CA,01.01.2005,software,2,4
2006,0,0,604,212,1,443810,52,443810,2,,,850000,392,196,425000,0,CA,01.10.2006,ecommerce,1,3
2005,0,0,464,31,1,7511837,60,7511837,3,,,12500000,433,144,4166666,1,WA,01.01.2005,software,2,5
2007,1,0,659,659,1,3000000,100,3000000,1,,,3000000,0,0,3000000,0,TX,01.01.2007,software,1,1
2003,0,0,2029,1339,1,8877771,97,8877771,3,,,9100000,690,230,3033333,0,TX,01.01.2003,software,1,0
2007,1,0,1941,343,1,34320206,46,34320206,5,,,74000000,1598,319,14800000,1,CA,01.01.2007,analytics,5,13
2007,1,0,0,0,1,990000,100,990000,1,,,990000,0,0,990000,0,CA,29.08.2007,web,1,2
2002,0,0,1571,1571,1,2600000,100,2600000,1,,,2600000,0,0,2600000,0,MD,01.01.2002,public_relations,1,0
2009,1,0,30,30,1,25000,100,25000,1,,,25000,0,0,25000,0,PA,01.06.2009,security,1,2
2007,1,0,610,610,1,350000,100,350000,1,,,350000,0,0,350000,0,WA,01.04.2007,hardware,1,3
2004,0,0,973,973,1,5500000,100,5500000,1,,,5500000,0,0,5500000,0,CA,01.02.2004,web,1,6
2004,0,0,1161,579,1,16778956,69,16778956,3,,,24150000,582,194,8050000,1,PA,01.01.2004,semiconductor,2,1
2002,0,0,2869,1659,0,11350839,60,17149161,2,,,28500000,1210,605,14250000,0,CA,01.01.2002,biotech,4,2
2000,0,0,3033,2495,1,4227661,57,4227661,2,,,7300000,538,269,3650000,0,GA,01.01.2000,biotech,3,5
2000,0,0,1980,1980,1,8700000,100,8700000,1,,,8700000,0,0,8700000,0,WA,01.01.2000,network_hosting,1,0
2005,0,0,2364,684,1,19559942,92,19559942,5,,,21138876,1680,336,4227775,0,CA,01.01.2005,advertising,2,4
2004,0,0,2202,875,1,8034396,37,8034396,4,,,21470000,1327,331,5367500,0,CA,01.01.2004,cleantech,1,1
2008,1,0,1850,1372,0,5260862,53,16657387,3,,,30926154,478,159,10308718,0,CA,01.01.2008,medical,1,2
2003,0,0,1385,1385,1,45000000,100,45000000,1,,,45000000,0,0,45000000,1,NY,01.01.2003,advertising,1,21
1998,0,0,3357,3346,1,13331828,74,13331828,2,,,17800000,11,5,8900000,0,CA,01.01.1998,software,1,0
2003,0,0,1332,1332,1,21000000,100,21000000,1,,,21000000,0,0,21000000,0,CA,01.01.2003,software,1,2
2002,0,0,2038,1491,1,40323001,84,40323001,2,,,48000000,547,273,24000000,0,CA,01.01.2002,hardware,6,2
2003,0,0,1489,1489,1,4000000,100,4000000,1,,,4000000,0,0,4000000,0,CA,01.01.2003,software,6,0
2004,0,0,2414,753,1,13049379,85,13049379,4,,,15180000,1661,415,3795000,1,CA,01.01.2004,enterprise,1,5
2003,0,0,1465,1465,1,7000000,100,7000000,1,,,7000000,0,0,7000000,0,CA,01.01.2003,semiconductor,1,0
2006,0,0,239,239,1,900000,100,900000,1,,,900000,0,0,900000,0,CA,01.01.2006,software,1,3
2003,0,0,1471,818,0,593452,96,15506548,2,,,16100000,653,326,8050000,1,MA,01.01.2003,software,2,3
2000,0,0,1885,1885,1,5750000,100,5750000,1,,,5750000,0,0,5750000,0,PA,01.01.2000,public_relations,4,0
2004,0,0,3001,2132,1,29688437,62,29688437,3,,,47218498,869,289,15739499,0,CA,01.01.2004,semiconductor,1,4
1996,0,0,4173,4173,1,20000000,100,20000000,1,,,20000000,0,0,20000000,0,CA,01.01.1996,hardware,5,1
